game,from_frame,to_frame,fen
18,00001,00001,2q3r1/p2nk1pp/bppb4/P7/1n2p1P1/NP2P2N/1B1P1P1P/R3K1R1 b Q - 1 23
18,00002,00002,rnbqkbnr/pp2pppp/2p5/3p4/1P6/N6P/P1PPPPP1/R1BQKBNR b KQkq - 0 3
18,00003,00003,rnbqkbnr/pppppp2/6p1/7p/2P5/5P2/PP1PP1PP/RNBQKBNR w KQkq - 0 3
18,00004,00004,rnbqkbnr/pp1pp1pp/2p5/5p2/8/2PP4/PP2PPPP/RNBQKBNR w KQkq - 0 3
18,00005,00005,4kr2/1R5p/p1B2p2/2b1nP1p/pr6/N3n3/R4K1N/8 b - - 0 37
18,00006,00006,4kr1b/r1q1np2/1p1p4/3p4/pP4bp/P1N4P/2K4R/R1B3NB b - - 9 32
18,00007,00007,r1bqkbnr/ppp1pp1p/n7/3p2p1/3P4/2P2N2/PP2PPPP/RNBQKB1R w KQkq - 1 4
18,00008,00008,1r5k/p3n3/b2R4/1pPppp2/1P1Q3K/b1qP1p1P/4N1P1/2B2B1R w - - 6 34
18,00009,00009,rn2k2r/p3np1p/1pp1p1p1/1P2P1PP/3p1P2/b2P4/PP2BK1R/1RBb2N1 b kq - 0 17
18,00010,00010,r3kbnr/pbpp2p1/4q3/P3p3/3Pp1p1/BP2Q3/2P1P2P/R3KBNR w kq - 1 24
18,00011,00011,rnb5/2k5/1p1pp1r1/p1pnPp1p/P1P3BP/1P2P1PR/N1Q2K2/R1B5 b - - 0 24
18,00012,00012,rnbqkbnr/pppppppp/8/8/8/8/PPPPPPPP/RNBQKBNR w KQkq - 0 1
18,00013,00013,r3k2r/ppnbb1p1/3p1n1p/4p2P/1PpB2P1/8/2PPP3/Rq1QKBNR w KQq - 2 20
18,00014,00014,r1bk4/1pq4p/3p4/P1P1pp2/3B1p2/N1Kn4/P1PnP2P/R1Q2B1R w - - 0 21
18,00015,00015,rn6/p2qnr2/4p3/1PbpPp1k/3P1p1P/PbK3P1/7R/RN3BN1 w - - 0 36
18,00016,00016,r1bqkb1r/p1pppppp/n4n2/1p5Q/1P6/4P1P1/P1PP1P1P/RNB1KBNR b KQkq - 2 4
18,00017,00017,1rk1bbnr/pp2p3/2pp1p2/7p/BP1PP3/N4q1P/PRQP4/2B1KN1R w - - 4 27
18,00018,00018,2bq1b1r/r3kn1p/p1Q1p2P/2p2pp1/2P3P1/2N4N/1P1PpPB1/R1B1K2R w Q - 1 19
18,00019,00019,rnbqk3/1ppp1r2/6Q1/p3p2p/P6P/2N1b2N/1PPP1PP1/1RB2K1R w - - 1 16
18,00020,00020,2b1kn2/3rp2r/4q2b/p1Qp1ppN/N2P1P1p/2P1PnPP/PP3K2/R1B2B1R b - - 0 24
18,00021,00021,1n3bnr/3k4/rpp5/p2b1p1p/3P1P2/PP2K2N/R1P1BBPP/1NR5 w - - 1 29
18,00022,00022,1n2q2r/6kp/P2p2p1/1Bp5/3Pp1PP/P3Bp1N/N3PP1R/3R1K2 b - - 4 33
18,00023,00023,4k1r1/5pp1/r2p1q2/p2bP2p/Ppp1P2P/b1NB2B1/RP3nP1/2K3N1 b - - 1 32
18,00024,00024,rnbqk1nr/2p2p2/1p2p3/p2p2bp/PPP5/3P4/4P1PP/RNBQKBNR w KQkq - 0 9
18,00025,00025,rn1r4/p2k1pp1/P2Pp2p/2pp4/1PP1BPQ1/q3B3/1N2K2P/1R3nNR b - - 15 27
18,00026,00026,1r3k2/3pb2p/pQn2pP1/Pp6/1P4PB/2P1p3/3Nb2R/R3K3 w - - 4 35
18,00027,00027,rnb1kbnr/1p1ppp2/p1p4p/2P1q3/Q3N1p1/P3PP2/1P1P2PP/R1B1KBNR w KQkq - 3 11
18,00028,00028,r3kb2/2p1q1p1/2np3r/1B3pPn/1P6/PN2P1R1/8/R1BK4 b q - 3 26
18,00029,00029,r1b1k1n1/2pp1p1r/n7/pp6/Q2K1Bpp/1PPP1P1B/P3PP1P/RNb3NR w - - 8 20
18,00030,00030,1k4n1/R5r1/1p4p1/1P1P1NPp/1PpP4/Q3rp1P/5K1b/1NB2R2 b - - 0 39
18,00031,00031,rnbq2nr/3p2kp/2p1p2b/p1p3p1/1P2Pp2/1Q1P1PPP/P3K2R/RNB2BN1 w - - 0 16
18,00032,00032,rnbqkb1r/pppppppp/7n/8/5P2/P7/1PPPP1PP/RNBQKBNR b KQkq - 0 2
18,00033,00033,3r3r/pb1pnkqp/n5p1/P3BpP1/1pppP3/1PN2P1N/2P1B1KP/R2R4 b - - 2 28
18,00034,00034,6nk/4prb1/1r1B1p1p/8/1pR1PP2/pPN4p/P3B3/R4K2 w - - 1 37
18,00035,00035,rnb3r1/1p1p3p/p6k/q4p2/4PP2/K4BPP/Q7/RN4NR w - - 1 40
18,00036,00036,rn2kbnr/pp1bpp1p/2pp2p1/1q6/P2PPB2/2N2N2/1PP2PPP/R2QKBR1 w Qkq - 5 8
18,00037,00037,1nb2rk1/3pp1bp/1r3p2/p1P1n1p1/Q5B1/B1PP1P2/3NP2P/R1K3NR w - - 3 20
18,00038,00038,2b2k2/5p2/2n2P1r/3pp2p/rP1P2p1/NP6/R2N3P/2B1R1K1 w - - 0 40
18,00039,00039,3kn3/2pp2br/7P/B2Q2P1/2pPp3/pP6/P4KBP/1R3R2 w - - 0 37
18,00040,00040,1q2kb1R/2p5/1r1pP3/1p2NP2/1P1p2P1/P4b2/R2BP3/1n2KB2 w - - 3 38
18,00041,00041,6r1/1n2k3/2B5/1p6/1PNB1bpP/p1r1P3/P1P1K3/1R1Q1R2 b - - 9 39
18,00042,00042,5knB/1n3b2/r3p2p/2pPrpb1/p3BPP1/Pq1P3P/2P5/K1R3NR w - - 5 37
18,00043,00043,1r2q2r/2N2p1p/1p3k1n/p3pPpP/P2P4/5P2/1n1PK1B1/R1b3NR w - - 2 26
18,00044,00044,rnbqkb1r/1p1ppp1p/2p3pn/p7/N7/1P1P4/P1P1PPPP/R1BQKBNR w KQkq - 0 5
18,00045,00045,nr1k1b2/p3pp2/3pbq1R/3n4/B1p2PP1/PPP1Pr2/3P4/RNB3NK w - - 9 28
18,00046,00046,3qkb2/1ppbp2n/3p1ppr/p1n4p/P7/1PP1PPPN/1B1P3P/RN1QK1R1 w Q - 0 13
18,00047,00047,1rb2knr/pp2p1bp/2p5/5ppP/1n3PP1/PP2P2R/RBP1NK2/1N1q4 b - - 3 18
18,00048,00048,r1bqkbn1/p2ppppr/n1p3Qp/1p6/3P1P2/4B3/PPP1P1PP/RN2KBNR w KQq - 2 6
18,00049,00049,rnbk3r/4b1p1/2pppq1p/pp6/4BPpP/P1P1P3/RP4Q1/1NB1K1NR w - - 0 18
18,00050,00050,rnbqkbnr/ppppp1pp/5p2/8/8/5NP1/PPPPPP1P/RNBQKB1R b KQkq - 1 2
18,00051,00051,rn2k1nr/p2q1p1p/Pp6/2pppbp1/1b1P3P/BPN5/2PKPP2/R2Q1BNR w kq - 0 17
18,00052,00052,1nbqkb2/r4pr1/ppp3pp/3p3n/1P2p1PP/2PPPP2/PNQ5/R1B1KBNR b Q - 0 16
18,00053,00053,rnbqkbnr/p1pppp2/7p/1p6/P6p/1P6/R1PPPPPP/1NBQKBR1 w kq - 0 7
18,00054,00054,r1r1k2n/p3b2p/b1p2p1P/2Pp1p2/1P1R4/1P1P4/3P1PP1/R3KBN1 b - - 4 32
18,00055,00055,r1bqk1nr/pp3pp1/n1pp4/4p2p/7P/b1P1QP2/PP1PP1P1/RNB1KBNR w KQkq - 0 7
18,00056,00056,rnb2bnr/2p2kp1/p3p2p/1p3pq1/P1p2PP1/4P3/1P1PQ1BP/RNBK2NR w - - 2 10
18,00057,00057,4r3/2k4p/2nn1pr1/p6P/1p3P2/N2K1N1b/PRP5/2B1qB2 b - - 1 37
18,00058,00058,5b2/p2n1ppr/1prp1k2/B3q2p/n2pbP2/P4N1K/1PPRQ1PP/5B1R b - - 9 34
18,00059,00059,1rb1r3/3p1k2/3P4/2p4p/P1n1P1pP/1P2P1PB/1R6/1R2KN2 w - - 0 37
18,00060,00060,2b3kr/1p4n1/1p2Pbpp/2q4P/1BPpPPR1/r4B2/1PP5/1R2K1NQ b - - 2 36
18,00061,00061,1nb5/1p2bk2/r1pp1r2/p3pPpp/2P5/2NPP1P1/PP1BK2P/n2Q1BNR w - - 2 20
18,00062,00062,3r4/1bp1k1p1/6P1/P2ppp1p/r1p5/4Q1RB/n2K1P1P/R1B5 w - - 3 32
18,00063,00063,r2qk1nr/ppp1b2p/2np1pp1/4p1B1/3P4/2PQ3b/PP2PPPP/RN2KBNR w KQkq - 0 8
18,00064,00064,rqn1kb2/pbpp1p1r/2n1p2p/Bp4p1/P2P3P/R3PN2/1PP1QPPR/1N2KB2 b q - 8 12
18,00065,00065,1nbqkb1r/r1pppppp/pp3n2/8/P4P2/1P5P/2PPP1P1/RNBQKBNR w KQk - 0 5
18,00066,00066,1n2k2r/5qb1/r1p1B1R1/pp1p1p2/P7/2PP4/1P1K3P/RNB5 w - - 4 25
18,00067,00067,br1qkb1r/n3p2p/2ppP2n/P3Q3/2P2N2/2pB1Pp1/P2PR3/1N4K1 w - - 0 29
18,00068,00068,N5nr/pb1p1k2/n3p1p1/1p1P1pbp/P1p1PP1q/1PP3R1/1B1Q4/RN3BK1 w - - 0 26
18,00069,00069,2q1k2r/2b1pbnp/r2B1n2/8/P1PP3p/1Q3P1B/1PK1pR2/RN4N1 b k - 1 32
18,00070,00070,2b1kb1r/r2n2pp/2p2p2/pp2p3/1PqB2nP/3P1NP1/PQNKPP2/R4B1R w k - 0 19
18,00071,00071,r4bnr/pbpn4/2q2kp1/2pppP1p/8/N1PP1P1P/PP2BKP1/R2Q2NR b - - 2 14
18,00072,00072,rnbqkbnr/ppppp1p1/5p2/7p/7P/N1P5/PP1PPPP1/R1BQKBNR b KQkq - 0 3
18,00073,00073,2rk1r2/2pb2b1/Bp1pqP2/4n2p/3p4/Pp5N/3N3P/B4RKR b - - 7 30
18,00074,00074,3r1b1r/1B1k3p/5B1n/p1pp1pN1/5pPP/1P1P4/PqN1P1R1/R2K4 w - - 0 31
18,00075,00075,1nb1k3/3p4/2Nb1n2/p1p2p1r/PpP1N3/1P4p1/4K2P/1RB2B1R b - - 0 38
18,00076,00076,1rb4r/3pbk1p/p2q1Q2/1pNp1p2/5pnP/1PP1P3/PN3PR1/R3KB2 b Q - 1 21
18,00077,00077,3r2nr/P2kb2p/3pN2P/1b2pp2/qP1PPnP1/2P1Q2R/5P2/1NB1K3 w - - 3 28
18,00078,00078,rnb2b1r/p2pkn1p/2pq4/2P1P1p1/R4P2/1P5P/3BP1P1/1N1QKB1R b - - 0 14
18,00079,00079,r1bqkbnr/pppppppp/n7/8/2P5/8/PP1PPPPP/RNBQKBNR w KQkq - 1 2
18,00080,00080,rnb1kb1Q/p1pp2p1/3qB2n/1p6/4N2p/3P4/PPP1KPPP/R1B3NR b - - 2 13
18,00081,00081,rnbqk2r/pp1p1ppp/3bpn2/2p5/P7/5P1P/1PPPP1P1/RNBQKBNR b KQkq - 0 5
18,00082,00082,2b2bkr/p3p1pp/r2p3Q/1p2np2/1p2PB1P/3P2P1/N3K3/RN3R2 b - - 4 26
18,00083,00083,r1bqkb1r/1p2p1p1/2p5/3pPp1p/p2P2PP/n4B1N/P2BQP1R/RN1K4 w k d6 0 18
18,00084,00084,r2qkb1r/pppbpppp/3p3n/4n2Q/4P1P1/3P3N/PPP2P1P/RNB1KB1R b KQkq - 0 6
18,00085,00085,rnb2knr/b1Bpq3/p1p5/5ppp/1pK4P/1P6/P1PQPPP1/R4BNR w - - 0 14
18,00086,00086,rnbqkbnr/2p1ppp1/p2p3p/1p6/8/P2PP2P/1PP1NPP1/RNBQKB1R b KQkq - 0 5
18,00087,00087,rnbqkbnr/ppp2pp1/3p3p/4p3/8/3P2P1/PPPNPP1P/R1BQKBNR w KQkq - 0 4
18,00088,00088,3k2n1/1bp1rp2/4n3/3r1PPp/1P4P1/2PP2B1/4N3/3RKNR1 w - - 1 35
18,00089,00089,1nb1q1r1/3p4/rpk3p1/P1b2p2/3p2P1/B1P1p1RP/P2NP1N1/R1K2B2 w - - 2 22
18,00090,00090,r3k1n1/5r2/3pnB2/p4P1p/1q1p2PP/PPP4B/8/1R1K2NR b q - 2 29
18,00091,00091,r1b4r/p1n3k1/1p1p1npp/1Q4p1/4p2P/P2qb1N1/R4PPR/4KBN1 b - - 3 25
18,00092,00092,rn3b2/4pb1r/p4n1p/2P2ppk/2Qp4/P2P3N/RP1KPPPq/2BN1BR1 w - - 2 24
18,00093,00093,1rbk1Qn1/p1pn1P2/1p4p1/3p2qP/8/N2K3P/P1P1Pb2/1RB2BNR b - - 2 16
18,00094,00094,3n1rk1/2rpnpp1/bp1Pp3/2p4p/2q1PB2/b2BKP1N/P5PP/RN4R1 b - - 5 35
18,00095,00095,r1b1k2r/pq1p1ppp/8/1PpnN1B1/pn2P1PP/P2P1P2/1P6/2RNKR1B w kq - 1 24
18,00096,00096,2rq1b2/ppp2k1r/n2p1np1/1PP1ppp1/3PP2P/P1B5/3Q2P1/RN2KB1R b - - 0 21
18,00097,00097,rnb2bnr/pp1pkpp1/8/2p1p2p/4P2q/P2P3P/RPP2PP1/1NBQKBNR w K - 0 6
18,00098,00098,1rn5/3kp3/5p1n/q1pp4/P1P5/Np2R2N/RP6/1BK5 b - - 3 32
18,00099,00099,rnbqkbnr/pppppppp/8/8/8/1P6/P1PPPPPP/RNBQKBNR b KQkq - 0 1
18,00100,00100,r1bq3r/1p1pn1p1/p4p2/2Q2P1p/1P1kp3/1P1P2PN/3BP2P/RN2KB1R b KQ - 4 15
18,00101,00101,2b5/rp4b1/nB4p1/pPpkNp1p/P2Pp1P1/R2q4/4B2P/4QKR1 w - - 0 36
18,00102,00102,rnbqkbnr/p2pp1pp/5p2/1pp5/1P6/B3P2P/P1PP1PP1/RN1QKBNR b KQkq - 1 4
18,00103,00103,r1b1kbnr/2qn1pBp/1p1pp3/p7/2p5/1P2P2N/P1PPKPPP/RN1Q1B1R w kq - 0 9
18,00104,00104,r1bq1b1r/p1p2N1p/2kp4/1p2p3/P1P3P1/3KP3/1PQ2P1P/RNB2nR1 w - - 1 17
18,00105,00105,1n2kb1r/Q2bp1pp/7n/2Bp4/1p3q2/3K3N/1PP1BPPP/3NR1R1 b - - 0 27
18,00106,00106,rnbqkbnr/pp1ppppp/2p5/8/8/P3P3/1PPP1PPP/RNBQKBNR b KQkq - 0 2
18,00107,00107,r1bqkbnr/ppp1pppp/2n5/3p4/1P6/4P2P/P1PP1PP1/RNBQKBNR b KQkq - 0 3
18,00108,00108,r4b1r/n3pk1p/b1p3pn/2B5/4PPp1/1K6/p2P1N1P/R2N1B1R b - - 0 26
18,00109,00109,rnbk1b1r/2pqppp1/3P3p/pp1n2P1/8/P1N2P1B/1P1PP2P/R1BQK1NR w KQ - 0 10
18,00110,00110,rnb1k2r/1p3Bpp/2p2p2/1N1p1n2/p1PP1b2/P2Q4/1P3PPP/R1B1NK1R b - - 1 24
18,00111,00111,1n2kbnr/r2q3p/b3p3/p2N1p2/P1p2Pp1/6P1/R1PPP1BP/2BQK2R b Kk - 3 14
18,00112,00112,rn2kbnr/1pp1qp2/3p4/p3pbpp/P1P3P1/RP1P1N1P/3QPP2/1NB1KB1R w Kq - 3 12
18,00113,00113,r1bqkb1r/2p1p1pp/7n/pp3p2/2PNp3/N7/PPQPKPPP/1RB2BR1 b q - 0 14
18,00114,00114,rn1qkbnr/p1ppp1p1/b6p/3P1p2/1Pp1PP2/NQ5P/P5P1/R1B1KBNR b KQq - 0 9
18,00115,00115,3qk1nr/2pbb1pp/rp1p4/pP3PB1/8/NK1P1B1P/2P3P1/R5NR w k - 2 23
18,00116,00116,nrb1q1nr/p1p2pb1/p2p1kpp/4p3/2NPPPP1/1PP2Q1P/PB6/R4KNR w - - 4 16
18,00117,00117,1rbk3r/pppp1p1p/4p2b/4n3/P4p2/BPPP3Q/2nN2PP/qR2KBNR w - - 1 19
18,00118,00118,1rbq1bnr/ppppkpp1/n6p/4p3/4P1P1/2P4N/PP1PQP1P/RNB1KB1R w KQ - 5 6
18,00119,00119,rnbqkb1r/2pppppp/7n/p4PN1/1P1P4/8/P3P1PP/RNBqKB1R w KQkq - 0 8
18,00120,00120,rnbqk1nr/ppppppbp/6p1/8/1P6/7P/P1PPPPP1/RNBQKBNR w KQkq - 1 3
18,00121,00121,r1b1kbnr/pp1p2p1/2pP4/1N3q2/Q2B2p1/1PK1p3/P2P2BP/4RRn1 b - - 0 27
18,00122,00122,4kb2/2r5/4pPr1/1p1b4/1PPP2pp/5NPP/1BpN2K1/R3R3 w - - 5 38
18,00123,00123,1rbkq3/3B3r/3b1ppp/p1p1pP1P/P2N4/2P1P1n1/1P1P1R2/RNB2K2 w - - 0 29
18,00124,00124,1rbqk1nr/pppp1pp1/n7/4p2p/2P5/b2N4/PP1PPPPP/RNBQKBR1 w Qk - 1 6
18,00125,00125,2bk3r/r1npqp1p/1p4pB/p1pRp3/P3P3/5PPB/1P1Q4/1N2K1NR b - - 11 26
18,00126,00126,rnb1k1r1/1p6/3ppp1n/p2p2pp/P1PP2Pb/2q1P3/2QBBP1P/R3KRN1 b - - 1 20
18,00127,00127,Bn1r1b2/1b1p3k/rpP2QNq/p3p1p1/PPP4p/N3P1P1/R6P/2B2K1R b - - 2 29
18,00128,00128,1Q3bkr/8/p3P1pp/1p2p2q/1Br5/n3K2p/PRb1NRN1/5B2 b - - 16 40
18,00129,00129,rn2kbn1/pp2p2r/1q1p1p1p/2p3pb/1P1B4/P1N2P1P/2PPP3/R2QKBNR w KQq - 0 10
18,00130,00130,r2k1bnr/npp2p1p/3pq2N/p1P1p1p1/P3Q1b1/N4PP1/1P1PP2P/R1B1KBR1 w Q - 1 14
18,00131,00131,rnbqkbnr/1ppppppp/p7/8/P3P3/8/1PPP1PPP/RNBQKBNR b KQkq - 0 2
18,00132,00132,6nr/p1k2p1p/1r6/1p2p3/1bp1PP1p/NP1n1bN1/P6K/2RB3R w - - 8 38
18,00133,00133,rnb2b1r/p3pk1p/5Bpn/1P1p4/3P1PP1/7P/1PqQP2R/R3KBN1 w Q - 1 14
18,00134,00134,rnbqk1nr/1p2pp1p/p1p3pb/3p4/1P1P1P2/N3P1PP/P1P5/R1BQKBNR w KQkq - 0 8
18,00135,00135,1nb3rQ/2krp1bp/8/p7/4K1pP/1p1Pp1PR/R4P2/2B2B2 w - - 2 40
18,00136,00136,r1bqk1n1/pppp1ppr/2n5/4p2p/7P/b2P1P2/1PP1P1PN/RNBQKB1R w KQq - 0 7
18,00137,00137,2r2r2/5p2/4n2p/3p1kp1/p1BP1P1P/P1P2K1N/8/R1B4R b - - 3 37
18,00138,00138,rnbqkbnr/p2ppppp/8/1p6/1p6/2N4P/P1PPPPPR/R1BQKBN1 b Qkq - 1 4
18,00139,00139,rnbqkbnr/pp1pppp1/2p4p/8/5P2/1P6/P1PPP1PP/RNBQKBNR w KQkq - 0 3
18,00140,00140,1r1qkbr1/p1pnppp1/b2p1n2/1p5p/2PPP3/2N2N1P/PP1Q1PP1/R1B1KB1R b KQ - 2 11
18,00141,00141,3qk2r/1bp1pn2/1p1p2pb/1P1rP1p1/2P2p2/BQ1P2NP/R3KP1n/6N1 w k - 1 29
18,00142,00142,1r3b2/ppp1k3/n3b3/P1P4p/2p1Q2n/2R1P2R/2P3r1/1KB3N1 w - - 0 38
18,00143,00143,2bn1br1/r2p2kp/Pp2pp2/p1pP2B1/P5PP/2Pn1B2/R3P1QR/1N3KN1 w - - 0 33
18,00144,00144,3kq1nr/1r1Bb3/3p3p/1p3n2/P1Q2PP1/R1pP2P1/5N2/2BK2R1 w - - 7 40
18,00145,00145,r1b2rk1/pppqp1bp/n2p1p1n/5Pp1/6P1/PP5P/2PPP1BR/RNBQK1N1 b Q - 0 9
18,00146,00146,rnq1k2r/n1pb2p1/6p1/pp1pppP1/PQ1P4/4P2N/1RPN1P1P/2B3KR w q - 1 24
18,00147,00147,rn3knr/p2p3p/bp2Qb1q/5p2/1p6/2PPP3/PB1KBPPN/RN5R b - - 1 18
18,00148,00148,rnb2knr/6q1/p1Q4b/1p1P1P1p/PPPP2Rp/5p1B/1B1N1K2/R7 w - - 0 26
18,00149,00149,1r2k3/4p1b1/5pp1/ppnp1P1n/1PpPQ1q1/P1P1BNNb/4K2P/1R5R w - - 12 41
18,00150,00150,4r3/p5kn/4Q1nb/2P3Np/PNb1B2P/8/1r3P2/1R2K2R b - - 1 39
18,00151,00151,1n4bk/rpN3p1/8/P1p1pp2/2B1P2P/P3K2P/R1R5/4BN2 w - - 6 34
18,00152,00152,8/p2Nk1p1/n1p2p1r/2Pp4/3P2P1/1r1qP3/1P6/1NB3KR w - - 0 38
18,00153,00153,1n6/r2ppnb1/1k3rp1/p4pR1/3p1N2/3p4/PP3BbP/R2K4 b - - 4 33
18,00154,00154,1q4b1/2p2k1p/4pr1b/rQ1pKppP/2P3P1/3PP3/P5PR/R2N1BN1 w - - 1 29
18,00155,00155,r1b1kb1r/p2ppppp/n1p2n2/1p3q2/2P1P3/PQ6/1P1PKPPP/RNB2BNR w kq - 6 9
18,00156,00156,2rqkb2/pbppp1p1/6r1/np2Bp2/P3P3/RP3N1p/2PPNn1P/3QKR1B b - - 0 18
18,00157,00157,1r1qr3/p2b1k1p/n3pn1B/2Pp2P1/8/3K1R2/PP3bPR/2Q2B2 w - - 1 32
18,00158,00158,r1N1kb1r/6p1/2p2n1p/pR1pP3/1nB1pP2/6P1/PNPKQ1bP/2B4R b - - 8 24
18,00159,00159,rnb3nr/1p2k3/p2qp1P1/5p1p/P2B4/2bP2PP/NP2PK2/3R1BNR b - - 1 25
18,00160,00160,r2r4/p4N1p/2n3PP/1PP2n2/3k4/P2P2R1/R3P1P1/4KB2 b - - 1 38
18,00161,00161,r1b1q2r/2p1kpp1/p1np1n1p/1pP1p1NP/PQ6/6P1/P2PPP2/R1B1KBNR w KQ - 1 13
18,00162,00162,r1b3qr/2npk1b1/4p3/1Pp2p1p/p1PP3P/2N1p2R/4PnB1/R2Q2KN b - - 1 30
18,00163,00163,1r1q4/3pk1b1/nn4p1/B4PP1/b2pr3/P3p2B/2R1P2P/3K3R w - - 0 35
18,00164,00164,4k3/3b1pnp/2n1pQq1/pr1p2P1/6P1/b1P1PN1K/2B5/R1B4R w - - 0 38
18,00165,00165,r3kb1r/1Qp1ppp1/3p4/pn5p/P2P3P/1PB2b1N/2PK1qP1/R2N3R w kq - 0 20
18,00166,00166,1q1k4/2r1n1br/1p5p/pN3p2/b1p1p2K/2pPPPPQ/1P2BR2/R3B1N1 w - - 4 35
18,00167,00167,rnbk2nr/p2p1pb1/1pp1p1pp/1N4P1/1P3P2/1q1P3N/2PQP2P/1RBK1B1R w - - 2 13
18,00168,00168,r1bqkb1r/p4ppp/npppp2n/8/PP6/2N1P1PN/2PPKP1P/R1BQ1B1R b kq - 0 7
18,00169,00169,B1b1k3/2Bp1pp1/8/1P4Q1/1b5r/2N1n2P/8/1R2K1NR w - - 4 39
18,00170,00170,r1bqkbnr/ppp1p1p1/n2p3p/5p2/8/P2P2PN/RPP1PP1P/1NBQKB1R b Kkq - 0 5
18,00171,00171,r1b2b2/p1kp2pr/7n/1Pn1ppPP/1Q2q3/P1B2P2/4PK2/RN3B1R b - - 4 18
18,00172,00172,r3kbnr/ppq1p1pp/n2pbp2/2p4P/3P1P2/N3B1P1/PPP1P3/R2QKBNR w KQkq - 5 8
18,00173,00173,2b2bnr/r1Np2kp/p3pp2/1p3P2/P1P1P2p/3P1RPP/8/3BK3 b - - 1 36
18,00174,00174,r1b1k1nr/2qp1p1p/p1p5/1PbN2p1/2PPn2P/1P2K3/Q2BPpP1/R4BNR w kq - 2 18
18,00175,00175,1b2k2r/r5q1/b4p1p/pp5P/3p1pPN/PP1P2Q1/4PR2/RNB1Kn2 b k - 3 31
18,00176,00176,rnbqkbnr/pppppppp/8/8/2P5/8/PP1PPPPP/RNBQKBNR b KQkq - 0 1
18,00177,00177,Nq4nr/p3pp2/k6p/5Kp1/2p1QBP1/2P1PP2/7P/4Rn1R w - - 0 31
18,00178,00178,r2q1k2/1bpp1ppr/1pn4n/p3b3/2P1P2P/7N/PP1P2PR/1RB1KB2 w - - 1 19
18,00179,00179,r1b1k2r/p2p1pp1/n4n1p/1pb5/P3p3/3PBPP1/2PN1N1P/R2QKB1R w KQkq - 3 15
18,00180,00180,r2qkb2/1pp2ppr/2n2n2/p2pP2p/4PP2/N4NP1/PPP1B1bP/R1BQK2R b q - 0 10
18,00181,00181,rn2qb1r/2pkpp2/1pN1b1pn/3p3p/1P1P3N/6PP/P1P1PP2/R1BQKB1R b - - 2 12
18,00182,00182,rnbqk2r/p1p1b3/4p1pp/1p1p4/1P3Pn1/B1PBPP2/P1QP3P/RN2K1NR b kq - 1 13
18,00183,00183,2bk4/5p2/r1np4/p3NP2/4P2K/8/P1P5/R1q3R1 b - - 0 35
18,00184,00184,rnb1k2r/1p1p2bp/1q4pn/1Pp1p1p1/3P4/p4B1N/PBP1PP1P/RN1QK2R b KQkq - 2 14
18,00185,00185,rnbq2nr/1ppk1pbp/p2p4/2P1p2P/P3PPp1/8/RP1P1KP1/1NBQ1BNR b - - 0 11
18,00186,00186,rnbqkbnr/pp1ppppp/8/2p5/7P/8/PPPPPPP1/RNBQKBNR w KQkq - 0 2
18,00187,00187,2b1kb1r/q2ppp2/rpp3p1/p6n/8/PN3PPQ/RP2P1P1/2BK1BR1 w k - 0 20
18,00188,00188,6k1/p1br2p1/np2p2r/2pp1Q1P/2PP4/PP3N2/n1K2B2/RN5B b - - 2 31
18,00189,00189,1rbq1bQ1/p1pkp2p/7n/n2p2p1/PpPPP3/7P/1P1KNPP1/RNB2B1R b - - 0 11
18,00190,00190,rnbqkbnr/pppppppp/8/8/3P4/8/PPP1PPPP/RNBQKBNR b KQkq - 0 1
18,00191,00191,Qr2k1nr/p2q1pbb/2np3p/2p1p3/5PP1/P3P3/1PPN3R/R1B1KBN1 b k - 1 21
18,00192,00192,rnbqkbnr/ppppp1p1/7p/5p2/PP6/3P4/2P1PPPP/RNBQKBNR b KQkq - 0 3
18,00193,00193,r1bqkbnr/pppppppp/2n5/8/P6P/8/1PPPPPP1/RNBQKBNR b KQkq - 0 2
18,00194,00194,5b1r/p6p/b1r2k2/1pp2P2/2Pp1p1P/PP1P1PQN/3qB3/1R4K1 b - - 1 30
18,00195,00195,r1bk1bn1/N1P1p2r/1n1q3p/7p/P4Pp1/1Q1PP3/1P4P1/R1B1KBR1 b Q - 0 27
18,00196,00196,r1bq2n1/pB2pk2/2p2prb/1pnP2pp/1P3N2/P4P1P/2PP2PR/R1BQK1N1 w - - 3 19
18,00197,00197,rnbqk1nr/p2pp1b1/1pp3p1/5p1p/1P3P2/P1B5/R1PPP1PP/1N1QKBNR w Kkq - 2 7
18,00198,00198,r1bqk1nr/p1pp2bp/2n1ppp1/1p6/P7/1P1PPP2/R1PK2PP/1NBQ1BNR b kq - 0 7
18,00199,00199,rnb2k1r/3p4/5p1P/p2QNn2/Pb2p3/Np5P/1P3P1R/R1B2K2 w - - 2 29
18,00200,00200,rnb2b1r/pp1p1p2/4kn2/q1p1N1pp/2P1PP1P/3P4/PPQ3P1/RNBK1B1R w - - 0 11
18,00201,00201,r1bqkb1r/p2ppppp/n6n/1pp5/5N2/2NP4/PPP1PPPP/R1BQKB1R w KQkq - 4 5
18,00202,00202,2r4r/3Bk1n1/p3p1pp/2b5/PP1PP1P1/N1P4P/3N2K1/R1B4R b - - 1 32
18,00203,00203,r1k2bnr/4pp2/n1p4p/p2P1p2/p4P1P/NQ2P1qB/1P1PN2R/R1BK4 b - - 2 17
18,00204,00204,1rb1kbr1/1pqpp3/2p2p2/3N2pp/1p1P3N/1R1P3P/P2QKPP1/2B2R2 b - - 6 30
18,00205,00205,1rb3nr/1p1k2b1/n1qpp1p1/2p1P1Pp/1pPB1N2/3P4/P1N2P1P/R3KB1r w Q - 0 21
18,00206,00206,rnbqkbnr/pppppppp/8/8/P7/8/1PPPPPPP/RNBQKBNR b KQkq - 0 1
18,00207,00207,rnbqkb2/3p1p1r/p3pp2/1pp4p/P3nP2/1P1BP2N/2PP2PP/1RBQK2R b Kq - 1 10
18,00208,00208,1kb5/rq1n4/1pp1p2B/p7/P2pB3/1P1PP1r1/1bR1K3/RN4N1 b - - 5 34
18,00209,00209,b3r2b/P5nk/1qp1p3/p2P1pr1/p1P2p2/2N1p1PK/1BR1N2P/6R1 b - - 8 35
18,00210,00210,rnbk4/4pnb1/p4ppq/1p1p1r2/1Pp1P2p/NRPP1NPP/P6R/Q3KB2 b - - 0 26
18,00211,00211,4kb1B/1b3p2/1PpP4/pq2N1p1/P3pn1r/R6P/2B2P2/2QK1R2 w - - 0 32
18,00212,00212,rn1k1bnr/6pp/p3qp1B/3pp3/1p1pP2P/PP1B4/R1P2PPR/1N2K1N1 b - - 0 18
18,00213,00213,1n6/2r2k1p/r2pp2n/P1p1P1p1/PQ3PpP/R7/1P1PN3/1NBK4 w - - 7 29
18,00214,00214,r2qkbn1/pp2p1p1/3p2r1/2B1nP1p/7N/1PPP4/1P1KPP1P/RN1Q1B1R b - - 6 18
18,00215,00215,r4knr/qp1np3/p2p2bp/2P2pb1/2PP1Pp1/NQ4PN/P2KP1BP/1RB4R w - - 0 19
18,00216,00216,4r2b/1p2k3/n5pn/P1ppP3/1p4bp/N1P5/6QP/1RB1K1NR w - - 12 35
18,00217,00217,4k2r/p1p1bp2/R4npp/2r1pn2/2B1p2P/2P4b/1P1P1KP1/1NB2QNR w k - 0 22
18,00218,00218,rnb1k1nr/pppp1pp1/8/2bP1P1p/6P1/2N1q3/PPQ1P2P/1RB1KBR1 b q - 0 15
18,00219,00219,1rb1qbn1/1pp5/2kppppr/p6p/PnP1P1PP/5P2/3P1KB1/RNB1Q1NR w - - 3 20
18,00220,00220,r1b4r/qn4B1/pp1bp3/1Qp3kp/2P3B1/PP6/5np1/RN2K2R b - - 0 35
18,00221,00221,bn1qk1rb/2p4p/2P5/p2ppP2/P2P1p2/1P2Q2B/4P2P/1R2K1NR b K - 0 32
18,00222,00222,1n6/r3kpBr/p2p3n/1bpPP2p/P3P1R1/P1P3q1/8/1N1K4 w - - 1 30
18,00223,00223,r3kb2/p3pprp/bq2N2n/P2pQPp1/2p4P/N1P1P3/1P1P4/R1n2K1R w - - 0 33
18,00224,00224,1rb5/p2ppk1r/n4bpp/2pq4/1PN2pPP/4PP1N/PP6/R1BQK2R b KQ - 0 19
18,00225,00225,r4bnr/p1pqkpp1/n3b3/1Np2p1p/PP6/3PK1P1/4PP1P/R1BQ1BR1 b - - 4 14
18,00226,00226,1qb1k1Br/r2p1n2/6N1/p6P/pbpPP3/2P4P/1P2KP2/RNB4R w - - 2 28
18,00227,00227,1n1kb1r1/Pr3p2/6p1/1P1p3p/P7/1q1p1PP1/5PNP/1K3B1R w - - 1 37
18,00228,00228,rnb4r/5qk1/p1p1p3/4P1pP/RPP3B1/N1P5/1B5P/2Q3KR b - - 2 30
18,00229,00229,2b1k2r/prppn1p1/np6/5pqp/1b1Qp3/NP3PPN/P2PP2P/1RBK1B1R b k - 4 16
18,00230,00230,rn1q1k2/6R1/1p1p2P1/bPp1p3/p3P1P1/P2b1P2/NB2B3/R1K5 b - - 2 32
18,00231,00231,r1bn2r1/1k2b3/p4Np1/1ppp1pn1/1QPp4/1PR1BPPp/P3PKB1/6R1 w - - 0 27
18,00232,00232,N3bb2/1Qq1kp1r/6pp/p7/3pP1n1/1P6/3K3P/R1B2B1R w - - 0 37
18,00233,00233,rnk2bnr/pp5p/2qpppb1/2P5/5PP1/P7/1N1PBN1P/R1BQ1K1R b - - 1 21
18,00234,00234,q1r5/2rk4/2p1b3/1p2pR2/PbP1pP1P/N7/3N2P1/R2K1B2 b - - 3 39
18,00235,00235,2r5/1p4kr/n2b1pp1/1pNp3n/2PP1P1p/1P5P/RP1K2P1/2B4R b - - 3 34
18,00236,00236,r1q1kb2/2ppp2r/pp5p/n3Npp1/6Q1/2PP3P/1P3KbR/R1B2BN1 b q - 3 18
18,00237,00237,rnbqkbnr/pppppppp/8/8/8/P7/1PPPPPPP/RNBQKBNR b KQkq - 0 1
18,00238,00238,rnb2bn1/pp1kpppr/3p4/1qp4p/P5PN/R1N2P1B/1BPPP2P/2Q1K2R b K - 2 12
18,00239,00239,1r1qk1r1/3n3n/p2pp1Nb/p1p2bpp/R1P1p2P/BPNPKP2/2Q3R1/5B2 b - - 2 25
18,00240,00240,rnbqkbnr/ppppppp1/7p/8/5P2/8/PPPPP1PP/RNBQKBNR w KQkq - 0 2
18,00241,00241,r1bk2r1/1pNp2p1/2pbp2p/4NP1P/p3n3/4PQ1R/2PP1P2/R1nK1B2 b - - 2 25
18,00242,00242,r3k3/p1p5/3p3b/q2R4/1p2P1B1/B2N1P2/2r5/3K4 b q - 9 39
18,00243,00243,rnbqkb1r/pp1pp1pp/5p1n/2p5/4P3/3P4/PPPB1PPP/RN1QKBNR w KQkq - 0 4
18,00244,00244,r3knnr/p4ppp/b7/1p1p4/1p1PP2P/2P3q1/PB1KQ3/RN3BNR b kq - 1 16
18,00245,00245,1nb2Nk1/r2pr3/p1p3pP/1p6/4pP1P/1P2N3/P3P1B1/RK4R1 w - - 0 34
18,00246,00246,r7/4k3/3n1np1/2p4p/p1p1rP1P/8/PPQBB2R/3RK1N1 w - - 1 31
18,00247,00247,rn1k2nr/4p2p/b7/1Npp1p1p/2PP1b2/P3qN2/1PQ1PPPP/2RK1B1R b - - 1 20
18,00248,00248,rn4nr/p2kp1b1/7p/1p3pPb/2ppPP2/q1P2BP1/1P1PQN1R/1RB1K3 w - - 2 18
18,00249,00249,r3k3/p2qpprp/2n2b2/1N1N2p1/PP3Pb1/4P3/1B1Pn1PP/R2KR3 w q - 1 24
18,00250,00250,1n6/r1Bp1kpr/5p2/Rb3n2/3bP2P/1PP2q1P/2QK4/1N3B1R w - - 4 25
18,00251,00251,rnbqkbnr/pppppp1p/6p1/8/4P3/8/PPPPKPPP/RNBQ1BNR b kq - 1 2
18,00252,00252,r1b3r1/2pk3P/ppn5/PB2ppR1/1QPb4/4P2P/3PNP2/RNB3K1 w - - 3 32
18,00253,00253,2b1k3/r5p1/Pp2q1P1/2p1p1B1/2PpP3/PB1P1N1r/4KP1P/3R3R w - - 12 40
18,00254,00254,1r2kbnr/p3p3/1p2b1pp/Q1pp1pnP/2P5/q1BPP1P1/P4P1R/R3KBN1 w Q - 3 19
18,00255,00255,1r6/3q2k1/p1ppp2n/5BP1/2P1N1P1/3P3R/n5K1/N7 w - - 1 41
18,00256,00256,rnbqkbnr/pppppp1p/6p1/8/8/2P4N/PP1PPPPP/RNBQKB1R b KQkq - 0 2
18,00257,00257,3rk3/p3b1r1/n2p1p2/P1p3Np/2P4P/4PKn1/R7/2b2b2 b - - 1 36
18,00258,00258,rn1qkb1r/p1p1p1pp/1p1p1p1n/3P1b2/2B1P3/8/PPP2PPP/RNBQK1NR w KQkq - 0 6
18,00259,00259,r1bk1b1r/qp2pp2/2p2npp/p1np2PP/5P2/2P2N2/PP1PP1K1/RNB2BR1 b - - 3 16
18,00260,00260,1rb1q1rk/p1ppn2n/3B1pp1/1N2p3/Pp2PP1P/R2P1QNP/1P4B1/4K1R1 w - - 0 24
18,00261,00261,rk3br1/3bqp1p/p1np3n/8/1P2P1p1/P1PP1P1P/3NB1P1/R1BKQ1R1 w - - 9 24
18,00262,00262,1rbqkb1r/2ppp1p1/p3np1n/P5Pp/4PN2/B2P1P2/P1P4P/RN1QK1R1 b Qk - 2 12
18,00263,00263,2q3nr/rb3k2/p4b2/P1pP1p2/N1PP2BN/R6P/1B3P2/3QKR2 b - - 0 30
18,00264,00264,1rbb1rk1/2pq2p1/3Rp3/p3Nnp1/pnP1PPp1/8/1P1P1QBP/2B1K2R b - - 0 28
18,00265,00265,rn3bnr/pqkQpp1p/p1p5/3p2p1/P1b4P/4P3/1PPP1PPR/RNB1K1N1 b Q - 3 13
18,00266,00266,r1b4r/p2n2np/Bp1p1p2/2P1Pqp1/1Q4Pk/PP2P3/3B1P2/R3K1R1 w - - 4 35
18,00267,00267,r1b1kbnr/p1qpp1p1/np6/2p1Pp1p/8/1PP4N/P1NPBPPP/R1BQK2R w KQkq f6 0 9
18,00268,00268,rnb1kbn1/1p1ppp1p/p1Q3r1/q1P5/1P3P2/3P2p1/PB2P1PP/RN2KBNR b KQq - 0 12
18,00269,00269,qnb2b1r/r1p1kpp1/1p1pp3/p6p/6n1/2NP1PP1/PPPNQ2P/R1BK1B1R w - - 1 15
18,00270,00270,rn1qkb1r/p2ppppp/b6n/2p5/1p1N4/3BPK2/PPPP1PPP/RNBQ3R w kq - 2 7
18,00271,00271,r2b1n1r/pp2npk1/6pp/1pPP4/PP1p4/2Q2P2/7P/Rb1NK2R b - - 1 33
18,00272,00272,3r4/1p5p/P1n4n/pQ2pq2/2p1NkP1/P4N1P/3P2B1/2K1RR2 w - - 0 32
18,00273,00273,r1b3n1/p5kr/np1p2p1/PP1ppp1p/3PNP1P/4B3/RP2P2P/4KBNR b K - 1 20
18,00274,00274,rnbqkbr1/pp1ppppp/8/2p5/2P3n1/4P3/PP1PQPPP/RNB1KBNR b KQq - 0 5
18,00275,00275,r1bqk1r1/p1pp1pp1/n3pn2/2b1P1Qp/Pp6/1R1P3P/1PP2PPR/1NB1KBN1 b q - 3 12
18,00276,00276,r4bn1/1pp1k3/5p1r/P2p2p1/1NPP2Pp/2PbBP1P/R3P3/3QKBR1 w - - 1 24
18,00277,00277,1n1rkb1r/pp2NpBp/3p4/1n4p1/1Pp5/P3KP2/2P3PR/R2Q1BN1 w k - 0 20
18,00278,00278,r1bqkbnr/p2pp3/n1p3pp/1p3p2/1PB3P1/4P2P/P1PP1P2/RNBQK1NR b KQkq - 3 7
18,00279,00279,bn2q1r1/r5b1/3B3k/1p2N3/p2PP1P1/P1P1K2n/1P5P/RN6 b - - 1 32
18,00280,00280,r2k2nr/p1pbbp2/5q2/1p1Np1p1/2PP2Pp/PP3n2/RQ2P2P/2BK1BNR b - - 0 16
18,00281,00281,2b2k1r/1ppnq1p1/5p1p/2bpB3/prP1PP1P/P7/Q2R4/5KNR w - - 3 39
18,00282,00282,rnbqk2r/ppppn2p/B1P1p1p1/5p2/4P3/P6P/1P1PQPPb/RNB1K1NR w KQkq - 1 9
18,00283,00283,1nb3qr/rppkN3/3p4/p4pp1/P3PRnp/2NPP2B/2P1Q2P/R2K4 w - - 2 26
18,00284,00284,1nbqkb1r/rp1pp1pp/3B4/p1p5/3P3P/2P1nN2/PP2PPP1/RN1QKB1R b KQk - 3 9
18,00285,00285,rnb1k1r1/pppp1p1N/3b4/2B2Pp1/PqP1np1P/5N2/1P2P1P1/1R1K1B1R b q - 3 19
18,00286,00286,r4br1/pb1kq1p1/p1pp3n/5p1p/1R2PP1P/P4N1B/2PPK2R/1NB5 b - - 4 21
18,00287,00287,2qnk1nr/1b2p1bp/5r2/p1ppNR2/2P1PPP1/BP6/P2P4/1R1Q1BK1 b k - 6 28
18,00288,00288,rnbqkbnr/pp1p1pp1/2p5/4p2p/4PP2/7N/PPPP2PP/RNBQKB1R w KQkq - 0 4
18,00289,00289,rnq2b1r/2pkpp2/p5pp/1p1pP3/1P4nP/P2P2P1/2P1bP1R/RNB1K1N1 b Q - 0 15
18,00290,00290,rnb1kb1r/pp1pN2p/5np1/1p3pQ1/1P5P/4P3/P1Pq1PP1/R5K1 b kq - 1 15
18,00291,00291,2r2knr/3pb3/p3Qpp1/q1n4p/PpPP3P/RP4P1/4NK2/1NB2BR1 b - - 2 27
18,00292,00292,r1k2bnr/1b2pN1q/7p/1pPnPp2/pP3P2/N3B1PP/P1P4R/R5K1 w - - 3 32
18,00293,00293,2k1rb2/4nQq1/1pp4p/pN1p1P2/PB1P2pP/1P2P3/4NR2/1R5K b - - 2 40
18,00294,00294,3r1k1r/p2B1p1n/Pp1pp2p/3nP3/P4R1P/B1N5/2PP2P1/R2K2b1 w - - 5 35
18,00295,00295,rnb1k2r/p1pp1pBp/4p3/1p6/3q3P/P5Pn/2PbPP2/RNQK1BNR w kq - 0 14
18,00296,00296,5b2/r1pkpn1r/n3b3/ppP2ppp/P2B3P/N6N/1P3P2/R1Q1KB1R w K - 2 24
18,00297,00297,rnbqk1nr/p1ppb1p1/1p6/4pp1p/4PP2/1QP3PP/PP1P4/RNB1KBNR b KQkq - 0 7
18,00298,00298,r1bqkb1r/2pppppp/7n/1p6/p3P2P/1PN5/PnPPQPPR/2R1KBN1 w kq - 2 9
18,00299,00299,r1b1k1nr/1p1p1p1p/2n1p1pb/p5q1/P1pP4/1PN1PP2/1RP4P/2BQ1KNR w kq - 0 15
18,00300,00300,1n2bbnr/rq3k2/p3p3/Bp4pp/QPP1P3/6P1/3PK2P/RN3BNR w - - 2 28
18,00301,00301,3qkbr1/1pp1pp1p/r1n3pn/p2p4/3P1P2/1PN1P2b/P1PB2P1/RQ2KBNR w KQ - 0 10
18,00302,00302,1r1q1br1/1p1kp1pp/3pb2n/p1p2p1P/P3PBP1/n2P2N1/1PP1BP2/1NQ1K2R w K - 4 16
18,00303,00303,4kb2/5pp1/1P1r1q2/2pnp1Pp/3pPB2/2rP2P1/p2K1P2/R5R1 w - - 6 34
18,00304,00304,4kn2/6pr/2n1pp2/p1P4p/B1PN3P/B7/P2P1KPb/R6R w - - 0 36
18,00305,00305,rnbk1b1r/1q2p2p/p1p2n2/2B1P3/2Pp2Q1/1P3N1P/R2P1P2/1N2K2R w K - 7 21
18,00306,00306,rnb1k3/4n3/pp6/2pPNppP/P2PPbp1/R1NR4/3Q1p2/3K4 b - - 3 35
18,00307,00307,7r/6Qp/8/2b1pk1n/1n1p1p2/rPP4P/P2PPK1R/RNB2B2 w - - 0 29
18,00308,00308,r2qkbnr/p2nppp1/1ppp3p/6N1/4P1P1/N7/PPPP2PP/R1BQKB1R b KQkq - 0 7
18,00309,00309,rnbqk1nr/p1pp1ppp/1p6/2b1p3/8/2P2P1N/PP1PP1PP/RNBQKB1R w KQkq - 2 4
18,00310,00310,1rk5/3nppR1/5b1r/p1P5/5P1p/B1p1P2P/P1P4P/R1K2n2 w - - 2 34
18,00311,00311,rnbqkbnr/pppppppp/8/8/4P3/8/PPPP1PPP/RNBQKBNR b KQkq - 0 1
18,00312,00312,2r2k1n/7r/p1pP1b1p/1p2Bbp1/1PP2p1P/P2n1P2/1N1R2BK/6QR b - - 5 39
18,00313,00313,rn1qk1nr/p1pp1pbp/b3p1p1/1p6/3N2P1/N7/PPPPPP1P/1RBQKB1R w Kkq - 2 6
18,00314,00314,r1bq1knr/pppp1p2/2n1pb1p/4Q1p1/3P2P1/2P2N2/PP2PP1P/RNB1KB1R w KQ - 0 8
18,00315,00315,r1b1kbr1/pp1qpnpp/2p5/2nP1pNP/P5Q1/8/1PPP1PP1/RNB1KBR1 b Qq - 3 11
18,00316,00316,3r3r/4n1kp/1pP3N1/1P3p2/4bP2/7P/K5P1/5B1R b - - 0 38
18,00317,00317,rnb2bn1/ppp1kpp1/P3q3/3p1r1p/8/N3PpPP/RPPPNK2/2BQ1BR1 w - - 2 20
18,00318,00318,r1b1k1qr/3p3p/4pn2/pp2Ppp1/PnpP1P1P/1PP2KP1/R5B1/1NBQ2NR b kq - 4 18
18,00319,00319,1k2r3/1r2q1Bp/pP1p2Rb/6n1/2P2Pn1/NPQPP2N/4K2P/5B1R b - - 0 34
18,00320,00320,1n1k4/1bq5/2p3r1/rp1P1PPp/pP2p2P/B4BQ1/P1P2P2/R1K3R1 w - - 6 34
18,00321,00321,rnb1kb1r/ppq1pppp/Q1pp4/3n4/3P4/N1P4P/PP2PPP1/R1B1KBNR b KQkq - 6 6
18,00322,00322,r3kb1r/ppp1nppp/n7/3ppP2/P7/2P2PP1/1P1QK2P/RNB2BNR b kq - 2 8
18,00323,00323,rnbqkbr1/1ppppppp/8/p6n/5P2/4P3/PPPP1QPP/RNB1KBNR w KQq - 0 5
18,00324,00324,rnbqkbnr/1ppppppp/8/8/p4P2/3P4/PPP1P1PP/RNBQKBNR w KQkq - 0 3
18,00325,00325,r1q4r/pppbkpp1/3b3p/3p3n/2np3P/3P1NPR/PPPB1P2/R3K3 w Q - 0 16
18,00326,00326,rnbk1bnr/1pqpp2p/p1p5/4p1N1/P7/3P4/1PPB1PPP/RN1QKBR1 w Q - 0 11
18,00327,00327,1r1B1kn1/p7/b1q3r1/1ppP1ppp/3PPP1P/P1N5/n3B1PR/R2QK1N1 w - - 0 21
18,00328,00328,3qkb1r/3npp2/BQp4p/1r4P1/1p3p1n/P2NP3/7P/R1B1K2R b KQk - 0 23
18,00329,00329,r1Bnkb1r/1p2p3/p7/2p1Pppp/P1Q5/7N/1RPK1PPP/1N5R w - - 0 27
18,00330,00330,2brkb1r/4p2p/2p2pp1/R2QP3/q1BP4/2p3PN/P3P2P/3nK1R1 b - - 6 33
18,00331,00331,2r4B/pb1p4/1p2k1p1/4p1p1/1b1QP1P1/5P2/P3KR2/RN6 b - - 1 35
18,00332,00332,b2k4/p1Pr1r2/2pBP3/5p1K/P1N1P2P/2RP2N1/1P4PR/5B2 b - - 0 37
18,00333,00333,r2qkb1r/1ppnpp2/p2p3p/6Q1/4pP2/PP2P2K/2PP3P/RNB3NR b q - 1 16
18,00334,00334,rnbqkb2/p2pppp1/8/r1pn3p/P4PPP/2P1PK2/1P1P4/RNBQ1BNR b q - 4 14
18,00335,00335,rnbqkbnr/p2p1ppp/2p1p3/1p6/2PP4/2N4N/PP2PPPP/R1BQKB1R w KQ - 0 6
18,00336,00336,3k3r/p1pq3n/N1P1p3/5NPp/1rpP2P1/P6P/1PQK2B1/R1B4R b - - 0 34
18,00337,00337,r1b4r/1P1p1k2/4p2n/p6p/2P5/2q4p/P2P1K1P/BR1QNR2 w - - 2 35
18,00338,00338,rnb2b1r/2qkp2p/1Pn2p2/2pP2N1/p4P1P/1PP5/4PKP1/R1B2BNR b - - 0 17
18,00339,00339,r1b3n1/r2n4/7p/pkB2ppP/2p2P2/1P1BK1P1/7R/NR4Q1 b - - 8 38
18,00340,00340,6nr/2bkN3/q4p1p/2pP2N1/P1r1p1P1/4P1PP/RP5R/2BKQ3 b - - 0 33
18,00341,00341,rnbqkbnr/ppppp1p1/8/5p1p/2P5/5P2/PP1PP1PP/RNBQKBNR w KQkq - 0 3
18,00342,00342,5b1r/2pbpkpp/4r2n/2B2p2/2BP1PP1/P6P/1qP5/b1K3NR w - - 8 28
18,00343,00343,r4k1r/2pnbp1p/p2p4/p4Pp1/2b1Pp2/NP1P1K1P/Q3B3/R5NR b - - 3 20
18,00344,00344,rn3kn1/4bp2/p2p3r/q1pb2p1/P1pP2pP/1PP1P3/4K2Q/1RB1R1N1 b - - 5 30
18,00345,00345,rn1qk2r/7p/pp4pn/2p1pp2/1PP3bb/4PpP1/P2PQP1P/RBB1K2R w Qkq - 0 16
18,00346,00346,rnbqkbnr/pppppppp/8/8/8/7P/PPPPPPP1/RNBQKBNR b KQkq - 0 1
18,00347,00347,r1b1kbnr/4p1p1/pnpppPq1/1p5p/4P3/1P1K1NP1/2PP3P/R1BQ1B1R w - - 1 17
18,00348,00348,r2qk1nr/ppp1ppbp/6pB/3p4/1Q4b1/3P1PPN/PPn1PK1P/RN3B1R w k - 6 12
18,00349,00349,k3r3/1bpp1p2/3b2pr/pp1Pp1Pp/4n3/P1PnB2P/Q3NP2/RN2KB1R w - - 1 23
18,00350,00350,rn2kbQr/pp3pp1/3p2q1/3pp3/P3P3/2P4P/1P1P1PP1/1RB1KB1R b Kkq - 0 13
18,00351,00351,rnbqkb1r/pppp2pp/7n/4pp2/7P/7N/PPPPPPP1/RNBQKB1R b KQkq - 1 4
18,00352,00352,rn1q1bn1/pb1pkr2/1Pp1pN2/5p2/R1P2pPp/3P4/1P2PP1P/3QKBNR w K - 0 15
18,00353,00353,4rb1r/p3k2p/b5q1/4N1p1/1Nppn1PP/2PP4/PP3PR1/1RB1KB2 w - - 0 33
18,00354,00354,2r1kb1r/pp1qppp1/2n1bn1p/3p4/PPp4P/2N1PP2/RBPP2P1/3QKBNR w Kk - 0 11
18,00355,00355,r5B1/pp5r/1k6/1Bp2bPp/1nPqQ1nP/BP6/3PKP2/1R6 w - - 9 37
18,00356,00356,1n3bnr/1b1k3p/r1p2p2/1p1pp2p/1p1PPN2/N1P5/PB1Q1PBP/1K2R2R b - - 1 19
18,00357,00357,1rb1nr2/p2k4/1p4p1/1P1p1ppP/Pnpbp3/N1Q1P2B/RB1P1P1N/4K2R b - - 1 28
18,00358,00358,3rkbnr/p5nN/3pp3/p1p2ppq/2P3B1/1P1b1P2/1RNPQ2P/2B1K3 b k - 1 28
18,00359,00359,r3krn1/1b6/1Q5P/1Pp2ppp/1n2Nq2/1P2P3/4K2P/1RB1R3 w - - 0 31
18,00360,00360,2k5/1r1np3/p6r/B4p2/2Pp1Pp1/P2P2P1/R2KP2P/1NR5 b - - 1 32
18,00361,00361,rnq2bn1/p1pppk2/b3N1p1/1p1P1p1r/PP3P1P/2P5/4P1BP/R1BQK1NR b KQ - 0 13
18,00362,00362,1rk1q3/2pb2pr/p4pNp/Pp1BPn2/8/1P1PNK2/RB1P1PPP/3QR3 w - - 2 25
18,00363,00363,1nrq4/3p4/b1p1k3/pp2pr2/P2PP2b/R1K5/1PPN4/4QBNR b - - 5 33
18,00364,00364,2b3q1/6kn/r2npb2/1pPp2P1/4P2p/PPP5/R3KP1P/1NQR4 w - - 1 29
18,00365,00365,rn2kbn1/ppp1p1pr/3pqp1P/8/3P4/2BQ1b2/PPP1PP1P/RN2KBNR w KQq - 5 9
18,00366,00366,rn2k3/q7/1pb5/p1PPp1B1/r7/b3Pp2/R2K1P2/5q2 w - - 2 37
18,00367,00367,rn1qk2r/2pp1p2/p2b2pp/1p2pb1n/1Q1B4/1PPP1NP1/P2N1P2/R3KB1R b KQq - 3 21
18,00368,00368,1r1R3r/p1p3k1/1p2b2p/3n2p1/6P1/P1P2p1N/1b2n2P/4NK2 w - - 0 34
18,00369,00369,rnbqkbnr/pppppppp/8/8/8/5N2/PPPPPPPP/RNBQKB1R b KQkq - 1 1
18,00370,00370,5b2/2Bkpr2/6Q1/2pr3p/p1PN2bP/RP6/4PPBn/4K2R b K - 8 27
18,00371,00371,2r2B2/rb1pnp2/2pkpb2/p7/P2Pn1pp/p1PBK3/1P2QPNR/1N6 w - - 0 34
18,00372,00372,rnbqkbnr/pppppp1p/8/6p1/8/7N/PPPPPPPP/RNBQKB1R w KQkq - 0 2
18,00373,00373,1nbqkbnr/2ppp1pp/1p6/1B3p2/1P1r4/2P1PP1N/P2P2PP/RNBQK2R w KQk - 0 9
18,00374,00374,1r1qk1nr/pppb1ppp/2n5/4p3/1bPp3P/3P4/P2BPPPR/RN1QKBN1 w Qk - 2 8
18,00375,00375,rnbqkbnr/1p1p2pp/p7/2p1p3/1PBPPp1P/4B3/P1P1NPPR/RN1QK3 b Qkq - 1 9
18,00376,00376,1n2bq2/8/p1nk1p1r/2pB1P1P/1pPp2P1/NP1p4/PR2K3/R5N1 w - - 0 37
18,00377,00377,rn1Q1b1r/qp2pkpp/p1np1p2/1Pp5/2PN1P2/3PB2N/P5PP/1R1bKB1R w K - 6 24
18,00378,00378,rq2kb1r/p3n2p/5pp1/P2ppN2/1p1pP1K1/1PP5/1B1QBPP1/RN3R2 b - - 4 29
18,00379,00379,1rbB1k1r/1p2n3/8/p1p2p1B/PB6/RK3P1p/7P/1N4Nn w - - 0 39
18,00380,00380,1n2R1nB/r1qb2Nk/3b3p/p4p2/1P1p1p2/5N2/P3P1P1/R2K1B1R b - - 6 37
18,00381,00381,2b4r/1pq2k1p/3Bp3/r1p1np1n/P2p2PP/2PPQ3/P2NPR2/RN2KB2 b Q - 4 21
18,00382,00382,rnbqkbnr/pppppp1p/8/8/4P1pP/N2P4/PPP1QPP1/R1B1KBNR b KQkq - 2 5
18,00383,00383,rnb1kbnr/pppp1ppp/5q2/4p3/4P3/2N5/PPPP1PPP/R1BQKBNR w KQkq - 2 3
18,00384,00384,r3kbr1/1q2p2n/n3b1Np/2pp2p1/pPP3P1/1R2PP1K/P2P3P/2B1R1Q1 b - - 3 27
18,00385,00385,rn2k3/1p1r4/pq1pN1p1/1Pp3bp/4pPP1/2P1P1P1/b2P2R1/1NBK1B2 b - - 1 30
18,00386,00386,r1b5/5k2/2n1n3/p1Pp1p2/PpP1N3/6P1/1P2PK2/2Rq1BNR b - - 2 28
18,00387,00387,n1N3nr/1p1qk2p/r4p2/p1pPpp1P/2P3P1/P3K3/R6R/BQ4NB b - - 0 29
18,00388,00388,rnb1k2r/3p1ppp/p1p4n/qNb1p3/P4P2/1PP1P1P1/3P3P/R1BQKBNR w KQkq - 1 11
18,00389,00389,rn1qkbnr/p2pp3/b5p1/1pp4p/3QPNP1/P7/1PPP1P1P/RNBK1B1R b kq - 2 13
18,00390,00390,rnbqkbnr/pppppppp/8/8/8/5P2/PPPPP1PP/RNBQKBNR b KQkq - 0 1
18,00391,00391,r5r1/1b5B/p1p4p/4p1p1/PPk1p3/2N1P1b1/1PR4P/1RB2K2 b - - 5 37
18,00392,00392,1rb1k3/1p4p1/q2b1n2/2pP1p1r/Pp3N1p/2B1PQ2/1KB2PPP/RN5R b - - 1 28
18,00393,00393,bn1r1br1/p1pk4/1q6/1p3p2/1P2P2p/PQPP1PpP/R7/4KBR1 w - - 2 24
18,00394,00394,5b1r/rp2pk2/1q4p1/3nn2p/P1P2P1P/4Q1R1/1PP3P1/R3KB2 b - - 3 27
18,00395,00395,3r1kn1/4p1b1/p3Pr2/1pR2p1p/PP3PpP/2p1BBP1/8/1K3R2 w - - 4 41
18,00396,00396,2b1kb1r/r3p1pp/p1pP3n/5PP1/Q1p5/q4P2/P2PB3/RNB2K1R w - - 6 25
18,00397,00397,r1b5/p2p1k2/1Qp3pq/2Pn3R/4P1N1/1P1P4/3BK3/RN1B4 w - - 1 34
18,00398,00398,2b2b2/r2n4/n2pk2r/1pp3pp/PpqPPp1P/N4B2/1B2QK2/3R2R1 b - - 0 26
18,00399,00399,rnbqkbnr/pppp1ppp/4p3/8/8/NP6/P1PPPPPP/R1BQKBNR b KQkq - 0 2
18,00400,00400,rnb2bnr/p1pkqppp/1p1pp3/4P1P1/8/5P2/PPPP3P/RNBQKBNR w KQ - 1 6
18,00401,00401,rn2kb1r/2ppn3/4pqpp/p4p2/bpP1P1PP/P4P2/1P1PN3/RNBQKB1R b KQkq - 0 16
18,00402,00402,1rbqkbnr/8/3p1pnp/N2Pp3/P4B2/p5PP/1PP1K1P1/5BQR w k - 0 26
18,00403,00403,rnbqkbnr/2p1pp2/1p1p2p1/P1P4p/8/7N/P2PPPPP/RNBQKB1R w KQkq - 0 6
18,00404,00404,rn1q1kn1/1bpp1rb1/2Q1p1p1/pp6/P1PP3p/1PN1pP1P/3B2P1/2R1K1NR w - - 0 26
18,00405,00405,rnbqkbnr/4pp1p/p5p1/1ppp4/3NP3/N6P/PPPP1PP1/R1BQKB1R w KQkq - 0 6
18,00406,00406,r1b1k2r/p5pp/1p1bp2n/1Npp4/QnP2Pp1/P2P4/1P2PB1P/3RKBNR w Kkq - 2 14
18,00407,00407,1rb1kbr1/p1pp1p1p/np6/5Pp1/P3P2P/1P1PP2q/6PR/R1BQKBN1 b Q - 0 16
18,00408,00408,rnbk1bnr/p5p1/P1pp3p/4pP2/P2P3P/1Q2B3/1P2PP2/RN2KBNR w - - 0 15
18,00409,00409,r4k1n/3n3p/bppp3b/1P3P2/p1PP3P/P2RQ1r1/1B2P3/5K2 w - - 1 37
18,00410,00410,2b1k2B/r3P3/1n1p1p2/3N3p/1Pp5/2N3P1/6BP/5KbR b - - 2 35
18,00411,00411,rn1qk2r/Q2p2b1/b1p4n/1p2p1p1/2P1Pp1N/P7/1P1PKPPP/RNB2BR1 w kq - 1 12
18,00412,00412,2b2b2/p1pqnk2/Nr1p2r1/1p1P2pp/5p1P/PPB1pPP1/2P1P3/R1Q1KBNR w K - 1 31
18,00413,00413,rq2k1nr/1np3b1/pp1pp2p/5p2/PP1PPP1p/2Pb4/1BQK1NPP/3R1B1R w kq - 2 20
18,00414,00414,rn1k1b1r/1p2pp1p/8/2pp3p/2N2P1N/RPKPP1Bb/1PP1B1PP/7R w - - 2 20
18,00415,00415,5k1r/R1p2p1p/n2pp2P/1p2n1p1/1p1N1q1R/2PP1PP1/3QP3/1NBK1B2 w - - 7 22
18,00416,00416,r1bqkbnr/2ppp2p/np4p1/p7/5P2/1P2p1N1/P1PPN1PP/R1BQKBR1 b Qkq - 0 8
18,00417,00417,rn1q2r1/1b1pk1pp/8/R1P3p1/1p5P/3PPN1B/1B5R/1N2KQ2 w - - 2 26
18,00418,00418,2bk1B2/1p1n3r/2p1p2p/2bn2r1/5NPP/BP6/P1pP2K1/R2B1R2 w - - 1 37
18,00419,00419,rnbqkb1r/pp1ppppp/5n2/2p5/6P1/3P4/PPP1PP1P/RNBQKBNR w KQkq - 1 3
18,00420,00420,rnb2bnr/1p1qp3/3k1p2/1P1P2Pp/p3P1PP/RP1Q4/3P4/1NB1K1NR w K - 0 25
18,00421,00421,1r6/n1N2B1p/1pk5/6R1/1b1p4/2p3p1/P3P3/R2QK3 b Q - 3 37
18,00422,00422,rnbqkbnr/2p1ppp1/p2p4/1p1N3p/6P1/1P6/P1PPPPBP/R1BQK1NR b KQkq - 1 5
18,00423,00423,1r1k2nr/1p2ppb1/6pp/3P4/4Q3/N3PP1P/nP1P2BP/1Rq1K1NR w K - 0 17
18,00424,00424,r3krq1/p7/1p4pp/4np1P/PRPb2P1/3QP3/4B2N/2BK3R b - - 13 34
18,00425,00425,r1bqkb1r/pppp1ppp/5n2/4p3/2PP1B2/Pn6/4PPPP/RN1QKBNR b KQkq - 2 7
18,00426,00426,r2r3k/1q2p3/3pBNnp/p1PP2P1/1P5B/2P2P2/P5KP/Rb4NR b - - 4 36
18,00427,00427,3qk2r/3b4/3b1r1n/nP1Pp2p/2P2pP1/2NQ1K2/4P1B1/R5NR b k - 0 35
18,00428,00428,r1b1kbn1/p1pnqp2/4N1rp/2P1p3/1P1pP3/N7/PBQ2PPP/R2K1B1R b q - 4 16
18,00429,00429,r2qkbnr/p1p4p/6n1/1p1pppNb/8/3PP1PP/PPP1QPB1/RNBKR3 w kq - 0 12
18,00430,00430,rq4r1/pn4k1/bpp2p2/6N1/P2P2P1/b3KP2/1p1B3P/3R1R2 w - - 0 33
18,00431,00431,4n3/3nbk2/3rpppr/2p1PQ1p/1pP2P1N/P1p3PP/4K3/5B1R b - - 8 38
18,00432,00432,4k2r/rb5p/4q2b/1ppP1pp1/2P2p1n/3BP1P1/P4K1R/R1B3N1 w k - 1 31
18,00433,00433,5bnr/1p1k2pp/2p1b3/p7/P2r1pP1/2B5/1qPN3P/1R1Q1K1R b - - 2 23
18,00434,00434,1nb1qn1r/r1kp1p2/1pp3pp/3PpQ1P/pP2PP2/4K3/P1P3BP/RNB3NR w - - 3 25
18,00435,00435,rnB3n1/N1b1k1B1/1p6/QPp3rp/2PN3P/P2pq3/3P1P2/2RK4 w - - 1 31
18,00436,00436,4r3/p1rpk3/P7/1pP2pb1/1BPp1P1p/PR1Q3P/4Pn2/4K2R w - - 0 38
18,00437,00437,r1bqkbr1/pp1pp1pp/7n/5p2/1np5/NPP2P1P/P2PP1P1/1RBQKBNR w Kq - 3 9
18,00438,00438,3n1rk1/5np1/1p6/2p3p1/P2Qp1P1/1K1b3N/1P5R/R1B5 w - - 2 35
18,00439,00439,4kbr1/rpq2p2/p2pb1p1/4p1Nn/1nPp3P/1PBQPPP1/P3B3/RN2K2R b KQ - 7 23
18,00440,00440,B6r/4q2p/2p1bkp1/p7/1Np3nP/P3P1P1/1R2K2R/2B3N1 w - - 1 36
18,00441,00441,2rqkbr1/2p1p1Rp/3p2n1/p7/1PbP1n1P/1PP2p2/1B2Q3/RN2KB2 b - - 0 22
18,00442,00442,r1bqkbnr/p1p4p/np4p1/3ppP2/8/5QPB/PPPP1P1P/RNB1K1NR w KQkq e6 0 7
18,00443,00443,1q3br1/rbpkp3/n7/pp3P1p/4N3/3PPNnP/PPP1B1P1/R1B1K2R w KQ - 1 15
18,00444,00444,rk1b4/p3n3/1pp2Nr1/1Nn2P1p/2KPp2P/2Q1P1PR/RP2B1b1/2B5 w - - 0 38
18,00445,00445,r2k4/1p1nppb1/1q3n1r/3p1b1p/Q2p2p1/2PN2P1/PP1NPP1P/1RB1KB1R w K - 8 17
18,00446,00446,2b1n2r/rpk4N/2p5/p2pp2B/PBPnP2P/6P1/N2P1QP1/R2K3R w - - 4 31
18,00447,00447,2r1k1nr/p1p4p/1pQqpn1b/1P1p2p1/P1PP1pbP/6P1/R1N1NPB1/2B1K2R b Kk - 1 16
18,00448,00448,r3kb1r/p4ppR/2p2PPQ/1p2p3/3p4/3P4/2P5/RqB1KBN1 w Qkq - 2 19
18,00449,00449,2b2brq/r3p3/2pk1p1p/p3n3/1P1p2Pp/1B6/P2P1NR1/RNB2KQ1 b - - 4 33
18,00450,00450,rn6/1b1pkpr1/pP1b2pB/R1p1N3/1p5P/1BP1P1P1/1P3P2/1N1QKR2 w - - 2 21
18,00451,00451,rnbk2nr/2q1pp1p/2p4b/pp1p2pP/PP1P2P1/2P1K3/1B2PPR1/RN1Q1BN1 b - - 0 14
18,00452,00452,2rn2k1/3r3p/n1p4b/3pp2p/4p1b1/2PRP3/R2N2PK/B4N2 w - - 6 40
18,00453,00453,rnbq1knr/2p2p2/1p5p/pN1pP3/P1P1N1P1/3P4/1b2P2P/1RBQKBR1 b - - 1 14
18,00454,00454,rnb1q1nr/3pp3/ppp1k1p1/2P4p/PP1PP2P/B2Q2KN/4P1PR/4RB2 w - - 1 29
18,00455,00455,rnbk2r1/p2p2pp/R1pn1p2/3qP3/1bP3P1/1P5P/3P4/1NBQKBNR w - - 1 15
18,00456,00456,nr2k3/5p1r/np1p3b/BPp2qpp/p1P1P2P/N3PN1B/P5Q1/R1K4R w - - 5 27
18,00457,00457,4qb1N/2p5/1prkpn2/pP1P1B2/7Q/P1P5/1R1PKR1P/1NB5 w - - 0 31
18,00458,00458,rnbqk1N1/2pp4/4prp1/6P1/pb1N4/2QPPP2/PPP3BP/R1BK2R1 w - - 9 22
18,00459,00459,r2k3b/p1p1np1r/n2P2pp/6q1/P6P/1P3BP1/RB2bPR1/4K3 b - - 2 40
18,00460,00460,rnbq1b1r/p4k1p/2p2p1n/1p2p1p1/2PpP1P1/N6P/PPQPNP1R/R1B1KB2 b Q - 3 10
18,00461,00461,3qkb1r/4pn1p/6p1/Pp1N4/2Rp4/P4b1P/1B1PP3/3QKnR1 w k - 0 25
18,00462,00462,r1bqkbnr/pp1pppp1/n6p/2p5/8/2NBP3/PPPP1PPP/R1BQK1NR w KQkq - 2 4
18,00463,00463,rnbq1bnr/1ppp1kpp/4N3/p4p2/6P1/8/PPPPPP1P/RNBQKB1R w KQ - 1 5
18,00464,00464,r1bbk2r/pp2n3/nN1p1pp1/q1p1p2p/1P3P1N/P2P2PP/2PKP3/R1BQ1B1R w - - 3 18
18,00465,00465,r1bqkb1r/1pp1pppQ/p1n4n/3p4/2P5/7P/PP1PPPP1/RNBK1BNR b kq - 0 5
18,00466,00466,4k3/6rp/2b1r2b/p2p4/4Ppp1/p2K1N2/1q1Q2R1/R1B2BN1 b - - 1 36
18,00467,00467,2r3kr/6pp/p3P1b1/Pp1P2P1/Rb5B/7P/3N1PKn/5R2 b - - 0 37
18,00468,00468,r4kn1/1bq2pr1/6p1/pBpP2P1/3pPb1Q/P4P1P/n2N4/R1B1K1NR w KQ - 3 25
18,00469,00469,2kn3r/1rpnb1Bp/1p5P/p7/P1PP2pN/2R2BP1/4KPbQ/6NR b - - 0 35
18,00470,00470,r3kb2/p3npp1/n2p3r/1pP1p3/q1PP2p1/B2NP3/P3KP1P/RN3BR1 b q - 0 20
18,00471,00471,r1bqkb1r/1pp1pp1p/n2p2pn/p5P1/4P3/N1P4B/PP1P1P1P/R1BQK1NR b KQkq - 0 6
18,00472,00472,r3kbn1/8/1pq3p1/N3pbPr/P1P2p2/1n1P1P2/2Q1P1B1/1RBK4 w - - 2 30
18,00473,00473,1r1Bk3/1p1bn3/p1p1p1p1/P1b1r1Pp/3P2n1/1P2p3/5P1N/Q1NBK2R w - - 16 38
18,00474,00474,1nq1kb1r/B2ppN1p/2b2p1n/rp6/pP4pP/P2PK3/R1PpPPP1/1N3B1R w k - 2 19
18,00475,00475,rB1k2n1/4p3/p1n3pr/6qp/1P1p2pP/2NpQN2/P1P3bR/R3K3 w - - 2 27
18,00476,00476,1rq5/2N1kn2/1pb4p/3p1P1p/p2P1pr1/1PP1B1P1/1P6/1NK1RB1R w - - 0 29
18,00477,00477,1r2k1nr/8/2Nq1p2/1p3b1p/1Pp1pP1P/1R6/2P3P1/4KB1R b - - 9 37
18,00478,00478,rnb3n1/p2pk1b1/5p1r/7p/PRpPp1pP/N1P2PR1/1BP1P1P1/3QKBN1 b - - 3 19
18,00479,00479,rnb2bnr/pp2k3/1Ppppqp1/4Np1p/P4P1P/BQ1P3R/4PK2/RN3B2 b - - 1 18
18,00480,00480,2r2b1r/p2k4/b1n1p1pp/1p3nP1/1p3P1P/P1PPN3/4RRB1/3K3Q w - - 3 36
18,00481,00481,1rb1rb1n/1p5p/p2k4/1R2pn1P/P1pNPR2/3P3B/6K1/8 w - - 6 39
18,00482,00482,rnbq1bnr/1pp1pk1p/p5p1/5P2/P2p1P2/4PQ1N/1PPP3P/RNB1KB1R b KQ - 1 7
18,00483,00483,7r/3qkp2/B2pb1pp/P2p1P2/3BP1NP/1Nb5/P1P3PR/1R2nK2 w - - 2 30
18,00484,00484,rnbqkb1r/p1pp2pp/4pp2/3n4/p1P4P/4QN2/1P1PPPP1/RNB1KB1R b KQkq - 3 7
18,00485,00485,rnbqkbnr/1ppppppp/8/p7/8/2N5/PPPPPPPP/R1BQKBNR w KQkq - 0 2
18,00486,00486,4k1nr/bbpqp3/4r2p/1B1P2p1/P3Np1P/BPP2P2/R2P2P1/1N3KR1 w k - 0 28
18,00487,00487,r1b1kb1r/pp1pqp1p/n1p1p1p1/6Q1/2B1P1n1/8/PPPPKPPP/RNB3NR b kq - 3 8
18,00488,00488,rnb3n1/5kbr/7p/1p1ppppP/6P1/B1PPP2B/P3K3/RN5R b - - 5 25
18,00489,00489,r1b1k2r/p1n3p1/2p1p3/1p1P1p2/P2P2pb/1PB5/4P1B1/RN1K2Nq b kq - 0 20
18,00490,00490,4kb1r/r3p1p1/Q1np1p2/1qpP3p/pPP2PnP/4P2N/6PR/RBB2K2 b k - 0 24
18,00491,00491,rnbqkbnr/pppp1ppp/8/4p3/8/7N/PPPPPPPP/RNBQKB1R w KQkq - 0 2
18,00492,00492,rnbqkbnr/pp1pp3/2p2p2/P5pp/2P5/1P2PN2/3PKPPP/RNBQ1B1R w q - 1 9
18,00493,00493,3r3q/1p1kbp2/3n1B1Q/4P2p/p2R3P/2p1P2b/p5B1/1N3K1R b - - 0 40
18,00494,00494,r3kb1r/pq2n3/4p3/1ppp1pPp/P2nPB1N/1P4KP/2PNB3/RQ5R b q - 3 20
18,00495,00495,2k2b2/p3p1nr/3rnpB1/1P4P1/1q5N/Np1p2P1/PP3B1P/3K2R1 w - - 0 35
18,00496,00496,r3kbr1/p3nppp/4b3/q2P4/1p3P2/1PpBPQPP/P4n2/RN2K2R w KQq - 3 19
18,00497,00497,2b1kb1r/r1ppqppp/B7/2P1p3/PP1nn1PP/4P3/5P2/1RBQK1NR w k - 1 20
18,00498,00498,rnb1k2r/p1pp1p1p/1p3qpn/3Pp3/2P1PP1b/1P5N/P4QPP/RNB1KB1R b KQkq - 0 13
18,00499,00499,r1b2b2/p1k2r1q/2p2pp1/PP1pN1Bp/1R4P1/2nP3B/2P1PPKP/2Q4R w - - 1 25
18,00500,00500,5bn1/pp1k1p2/n6r/3p2Q1/1PrNNBRP/3q4/P1P1P1B1/R3K3 b Q - 1 24
18,00501,00501,2b1rr1b/3pp2p/1k1N1nn1/p1p2P2/PpP1P1q1/3P1N2/KP5P/R7 b - - 3 36
18,00502,00502,5knr/r1p4p/pp2qpp1/P2Pp1P1/1n3b2/B4P2/3QN2P/R3K2R b - - 0 22
18,00503,00503,rnb1kbr1/p2pp2p/5pp1/1pp5/2P1P1Qn/5PP1/PP1R3P/3N1KNR b q - 3 14
18,00504,00504,n1b2k1b/3r2n1/3pr3/pN1P1p1P/p1P2PB1/6Np/1P3R2/R1QK4 w - - 2 34
18,00505,00505,r2qkb2/p1p1pp1r/1p1p2pn/7p/1n2PBP1/3P3b/P1P1NP1P/1R1QKBNR b Kq - 2 10
18,00506,00506,rn1qkbnr/2pbp1pp/1p1p1p2/p7/P7/1PP3P1/3PPP1P/RNBQKBNR b KQkq - 0 6
18,00507,00507,rnbqkb1r/1pppp1pp/7n/p4p2/1P3P2/N7/P1PPP1PP/R1BQKBNR w KQkq - 1 4
18,00508,00508,r4k1r/pb5p/2n1p2b/1ppp2p1/PPPP3p/4KP1P/3N2B1/R1B3NR b - - 0 28
18,00509,00509,6r1/rb2bk2/n6p/2p1p1P1/p1P1p1pR/N1P2P2/P1BK4/2R3N1 b - - 3 33
18,00510,00510,3k2r1/r4pbq/4b3/3Pp1p1/pP1P2p1/P7/1B3NKP/3R2R1 w - - 0 35
18,00511,00511,7r/rb2qk1n/p2p3n/3P1Ppp/7P/4p1P1/P1P1P1R1/1NbQ1K1B b - - 6 37
18,00512,00512,rn3b1r/p1pq1n2/2pp2k1/7p/P5p1/N1P1PP1N/2PB1P1P/R3K1R1 w - - 3 31
18,00513,00513,3q1b2/4n1pr/3k1nPp/1p2pP2/1p2B3/2B5/2K1N2P/7R w - - 0 36
18,00514,00514,rnbqkbnr/ppppp1pp/5p2/8/1P6/8/P1PPPPPP/RNBQKBNR b KQkq - 0 2
18,00515,00515,rnbqkb1r/ppp2ppp/5n2/4p3/P2p1PPP/8/1PPPP3/RNBQKBNR w KQkq - 0 5
18,00516,00516,5k2/pbr2Br1/R2p1p1b/4p1N1/2P1P3/1P6/1qN4P/3Q2KR b - - 16 39
18,00517,00517,1rb2b1r/1p1ppk2/2p2p1p/qP2Q3/3P2p1/p4P2/P1n4P/RNBR1B1K w - - 0 22
18,00518,00518,n5nr/4kpbp/4p1p1/1PpPP3/p7/4Q3/P1PK2bP/RN6 w - - 0 28
18,00519,00519,rnb1kbnr/pppp1ppp/7q/4p3/3P1N2/P1P3PN/1P2PP1P/R1BQKBR1 w Qkq - 1 10
18,00520,00520,br2k3/p1npnp2/6pr/3pP3/4N3/P2P1R1P/R6K/6N1 w - - 6 35
18,00521,00521,3q1b2/rp1k2pr/p2ppn1p/1Np2p2/5P1P/P1PP1b2/1PQK2P1/R1B2BR1 b - - 5 17
18,00522,00522,rnbqkbnr/p1pppppp/8/1p6/P7/7P/1PPPPPP1/RNBQKBNR b KQkq - 0 2
18,00523,00523,3k1bnr/3b4/3Nr2p/4pp2/2pPN3/P3PPP1/3R4/R2K1BB1 b - - 1 37
18,00524,00524,r1bqkbnr/p1ppp1pp/1pB2p2/2n5/8/2P1P3/PP1PQPPP/RNBK2NR w kq - 4 7
18,00525,00525,rq2kb1r/2pnnp1p/p2pp3/4P1p1/QpB3P1/NP2KN1P/P2P1P2/1RB4R w kq - 1 16
18,00526,00526,r1bnk1nr/pp1pb3/5ppp/2pPp3/4PQ2/2B4B/PPPN1P2/R3K1NR w KQq - 1 15
18,00527,00527,3q1b1r/r3p1pp/3pN3/p1P1kn2/4P3/7P/PP3PB1/R1BK2NR w - - 1 27
18,00528,00528,rnbqkb1r/1pp1pp1p/3p4/p5N1/P3PPn1/5Q2/1PPP2PP/RNB1KB1R b KQkq - 0 6
18,00529,00529,r4Bnr/1b1n1kb1/1pp2q1p/p2p1P2/PP2ppP1/3P4/2P1Q1BP/RN2K1NR b KQ - 3 16
18,00530,00530,1nbk4/r1r5/1p3qpp/pNp1p3/Pb2N3/1RPP4/1P1KPPRn/2B4B w - - 0 34
18,00531,00531,r7/2r1kp1p/1p2p1pn/1Nqp1b1P/PPQbP1P1/B2n3B/7N/3K2RR b - - 8 30
18,00532,00532,4bbnr/rp2p3/n2kN2p/P2qp2P/P1Q1P1p1/2PR4/5PPR/2BK1B2 b - - 4 27
18,00533,00533,3q2n1/1p1N2k1/4p3/pB1p1Pp1/QP2p1pr/2p5/3R3P/2K3NR w - - 0 25
18,00534,00534,rnbqkbnr/ppp2ppp/3pp3/8/2P2P2/7P/PP1PP1P1/RNBQKBNR b KQkq - 0 3
18,00535,00535,r2qkb1r/pbpQpppp/5n2/4n3/1pP1P3/PP5N/3P1PPP/RNB1KB1R b KQkq - 0 7
18,00536,00536,2kn1b2/1bpq3r/r2pp1p1/pN1n1NP1/P1B5/4Q3/1PPP1P1P/R1B1KR2 b Q - 5 22
18,00537,00537,rnbqkbr1/pppppp2/3B4/6pp/2B5/1P4nN/P1PP1PPP/RN1QK2R w KQq - 2 7
18,00538,00538,2b4r/2np1pk1/pr1b1Npn/1pP2p1p/P2Pq2P/6P1/1KP1PP1R/1NBR1B2 b - - 0 23
18,00539,00539,rnbqkb1r/pp1p1ppp/2p1pn2/8/7P/2P3P1/PP1PPP2/RNBQKBNR w KQkq - 0 4
18,00540,00540,rn3bnr/pp2p3/2Nkb2p/q1pp2p1/P3p1P1/2BP3P/1PP1PP2/R2QKB1R b KQ - 5 11
18,00541,00541,rn1qkb2/ppp1ppp1/5n1r/3p3p/2P2Pb1/1P1PP2N/P2K2PP/RNBQ1B1R w q - 2 10
18,00542,00542,brk1N3/8/3P4/p3p3/PNP1P2b/1K2P2P/1B1P4/R6R b - - 0 40
18,00543,00543,rnbq1b1r/p1pkp2p/5p1n/1p1p2p1/1P1P1P2/4B3/P1P1PKPP/RN1Q1BNR w - - 0 7
18,00544,00544,rnb2kr1/N1pP4/5p2/p2K1npp/7P/bP2q1P1/P1P1P2R/1R2QBN1 b - - 0 19
18,00545,00545,r4b2/pb1kP2r/n5pn/1pp2pPp/4p2P/PP6/R1QP1PB1/1NBK3R w - - 0 20
18,00546,00546,rnbq1bnr/2pp1kpp/4pp2/pp6/2P3P1/1Q5N/PPKPPP1P/RNB2B1R b - - 1 6
18,00547,00547,rnbqnk1r/pppp1ppp/8/3Pp1B1/8/b1P2NP1/PP2PP1P/RN1QKB1R w KQ - 3 7
18,00548,00548,rn3b2/3ppr2/p3bpp1/1P2kPN1/1PqpP1nP/2B4R/2PP4/1R1QK3 w - - 7 28
18,00549,00549,r1bqkb1r/pppp1ppp/4p3/8/1n5P/1n4Q1/PP1PPPP1/RNBK1BNR b kq - 1 10
18,00550,00550,1bk2n1r/r6p/Npp1bN1R/p3pB2/P2PP1qP/1P3Q2/2P2P2/R1B2K2 w - - 0 37
18,00551,00551,rnbqkb1r/1p1pnppp/3N4/2p1p3/8/pP3P1P/PBPPP1P1/R2QKBNR b KQkq - 1 7
18,00552,00552,rk1bQ2r/p3n1p1/qppp1p1p/4p3/2NP3P/2P1PB2/PP3PK1/R1B1N3 b - - 8 32
18,00553,00553,1rr5/p4n1k/np2p3/PP1b1p1p/2p3p1/1QNPP1P1/R2K3P/2B3NR b - - 3 25
18,00554,00554,rnb5/p2p1r2/1p2k1pp/2p1P3/2P2P2/PP6/1BQP1KnP/1R3B1R b - - 3 24
18,00555,00555,r1bq1knr/pppp1ppp/2nb4/4p3/7P/2N4R/PPPPPPP1/R1BQKBN1 b Q - 7 5
18,00556,00556,r1bqkbnr/p1pppp1p/1p6/4n1p1/8/1P2P1PB/P1PP1P1P/RNBQK1NR w KQkq - 0 5
18,00557,00557,rnbqkbnr/2pp1ppp/p3p3/1p6/P2P4/R4N2/1PP1PPPP/1NBQKB1R b Kkq - 0 4
18,00558,00558,r1b1kbnr/p1pp1ppp/1pn5/P3p1q1/4P2P/8/1PPP1PP1/RNBQKBNR w KQkq - 1 5
18,00559,00559,rn2k2N/1P3p1p/8/Bq1p4/3p2nb/N7/P1PK1Pb1/R4QNR b q - 3 18
18,00560,00560,rnbqk2r/ppppnpp1/3bp2p/1N6/4PP2/8/PPPP2PP/R1BQKBNR b KQkq - 0 6
18,00561,00561,1n2kbnr/1b3p2/r1pq3p/p1Pp3P/N2P1Pp1/PQ6/3BP3/2RK2NR b - - 1 22
18,00562,00562,2b4r/r3nk1p/B1n3pP/3p1pP1/P4N2/1p1KB3/1R6/b7 w - - 1 35
18,00563,00563,rnbk3r/1p2p1bp/8/1QpP1pp1/p4B2/3P2P1/PP2NK1P/RN3BR1 w - - 1 18
18,00564,00564,rnbqkb1r/pppp2pp/4pp2/8/2N1P3/3P2n1/PPPK1PPP/R1BQ1BNR w kq - 0 6
18,00565,00565,rN1q2nr/B1pbbk1p/1p2p3/3p2p1/Q1P3P1/3P4/PP2P2P/1R2KBNR w K - 5 15
18,00566,00566,1rb1kb1r/1pppqppp/4p2n/p7/Pn2PP2/8/NPPP2PP/R1BQKBNR w KQk - 3 8
18,00567,00567,1n2kr2/2bpnp1p/1pb1p3/2pQ2p1/rN6/3P1PP1/1P2N2P/1RB1K2R w K - 3 26
18,00568,00568,2r4r/pp2k3/1P3pp1/1Pp1q1Pp/3pPPBP/R3B3/2K3R1/8 w - - 1 39
18,00569,00569,2b1kb1r/qrp1npp1/p3p3/1p1p3p/P5P1/1nRP3P/1P1BPP2/1N1QKBNR b Kk - 0 17
18,00570,00570,rnbqkbnr/3pppp1/p7/1pp4p/2P5/2N5/PPQPPPPP/R1BK1BNR w kq - 0 5
18,00571,00571,rn2kbnr/p3q2p/1p1p2p1/3b1p2/P1pPPpP1/RPP4N/3BBP1P/1N1K3R b kq - 4 15
18,00572,00572,rn1qkbnr/pbpp2pp/8/1p2p3/5NP1/P7/1PPPPPBP/RNBQK2R w KQkq - 1 7
18,00573,00573,rnb4r/3Nkpb1/1ppp1n1p/2B1p1p1/P1P5/1P3NP1/3PPP1P/1R1QKB1R b K - 0 18
18,00574,00574,rnbqkbnr/ppp1p1pp/5p2/3p4/8/N2PP3/PPP2PPP/R1BQKBNR b KQkq - 0 3
18,00575,00575,1r4qb/5p2/pP1npk2/5Npr/1pP2P1p/BP5P/3P1K1R/5RN1 b - - 2 38
18,00576,00576,1rbq1kn1/3pp2r/pp3p1p/np4pP/1bPP1PP1/P6B/4PN2/1Q2RRK1 b - - 3 25
18,00577,00577,1q2r3/1r1b4/1N1pk2P/1pP3p1/3b2P1/BP1PPP2/4B3/5K2 b - - 0 40
18,00578,00578,2k1r3/5p1p/1p1p4/p3r1P1/P3PP1P/2P3R1/P3Q3/RN1Kn3 w - - 1 36
18,00579,00579,1bbk2n1/p1qp2pr/2p1p3/1p6/1R2PPNP/B1P5/P5P1/5KR1 b - - 0 29
18,00580,00580,3k1bbr/p2rp1np/2p2p1Q/3p2p1/2P2P2/pP1PP2B/R2NK2P/6NR b - - 1 24
18,00581,00581,2k2br1/3pp1pp/1B5n/5p1P/PnpPb1P1/Q3P1R1/2P2Pq1/1R1K2N1 w - - 1 33
18,00582,00582,r4b1r/1np1p2p/2bq3n/3k3p/p1BPp2P/P1B2Pp1/6P1/1R1K2NR b - - 3 31
18,00583,00583,rnbqkbnr/1pppp3/7p/p4ppQ/3P4/P3P2N/RPPK1PPP/1NB2B1R b kq - 1 7
18,00584,00584,rnbqkb1r/pppp1ppp/4p3/8/6nP/N6R/PPPPPP2/R1BQKBN1 b Qkq - 1 4
18,00585,00585,2r2bn1/3p1k2/1q3B2/p1p1p1p1/P3Pp2/NpR2P1P/RPn1N1K1/5B2 b - - 1 33
18,00586,00586,3r4/2Bk2p1/pK2pn1p/5pPB/p2P1PR1/1P6/q6P/2B5 w - - 6 38
18,00587,00587,rnbq2r1/1p1pkpp1/1Q1b4/p1p1P3/P1P1PP1p/N2B1nP1/1P3K2/R1B3NR w - - 2 16
18,00588,00588,rnbk1bnr/1p1p1ppp/p1p5/4p1P1/3PPP2/P1N4P/1PP5/R1BQKBNR b KQ - 0 8
18,00589,00589,rn1qkb1r/p1pppp1p/b4n2/1p4p1/8/BP3P1P/P1PPP1P1/RN1QKBNR w KQkq - 2 5
18,00590,00590,2b3nr/1p1pk3/3r3P/2P1Pp1p/p1P5/N7/P3PNPQ/R3KB1R w Q - 1 24
18,00591,00591,rn3r2/2kN1pbp/1p5n/1bp4P/pPp2pP1/2PPP3/5K2/RNB3R1 b - - 3 23
18,00592,00592,rn2kbnr/p3pppp/2ppq3/1pP5/PP5P/2B1Pb2/3P1PP1/1NRQKBNR w kq - 1 17
18,00593,00593,rnbq1bnr/ppp1p2p/4k3/3p1pp1/P1P3P1/1P5N/3PPP1P/RNBQKB1R b KQ - 0 6
18,00594,00594,r1b5/1p2kprp/1qn3pn/p2pp3/2p1Q1PK/P1P1PP1P/1P1N4/1RB2BNR w - - 2 27
18,00595,00595,rnbqk1nr/2pp3p/p3p1p1/1p3p2/N2PPP2/2bB2KN/PPP3PP/R1BQ2R1 w kq - 3 12
18,00596,00596,2b2br1/2p1k1pp/5r2/pp1pPp1q/Pn2NP2/RN5P/Q1PBP3/4KB1R b - - 4 29
18,00597,00597,rn1qkb1r/pp2ppp1/3p4/2p4p/3PP1n1/Nb4PB/PPPB1P1P/R1Q1K1NR w KQkq - 2 8
18,00598,00598,rnb1kbnr/1pq3pp/5p2/p1ppp3/1PQ1P3/N6N/P1PP1PPP/R1B1KBR1 w Qkq - 0 8
18,00599,00599,r2k1b1r/1bnpppp1/7p/p1pQ4/P1P2P2/2N1P1P1/RB5P/4KBNR b K - 1 19
18,00600,00600,r4rnk/3n1p1p/p3b3/1ppPp3/P1P2P2/b6P/1BKP2P1/RN1B2NR w - - 2 26
18,00601,00601,qbb1k3/8/B4pr1/2ppp1P1/p3P1PQ/p3P2P/PPK5/1R4NR w - - 1 29
18,00602,00602,1n3b2/k1r1p3/p5rp/1Pp1p1N1/5p2/5P2/q1PPKQ2/1N2B2R w - - 0 37
18,00603,00603,1r4r1/1b6/ppkbBQq1/1p2P1pp/1P1P3P/2P2P2/PB2N3/R2K3R b - - 0 35
18,00604,00604,3k1b2/1ppnn3/br1p3p/4qpr1/P4PPB/2P3PR/QP2P1BK/2R3N1 b - - 15 38
18,00605,00605,r1b2knr/p2p2pp/n6B/1pp1pp2/3PP3/Q1b3PP/P1PN1P2/3RKBNR w K - 2 11
18,00606,00606,r2k2nr/2p4p/1nP2P2/1pbN2p1/Pp4p1/1RNpp3/3PQ1KP/2B4R b - - 2 31
18,00607,00607,r2qk1r1/p1p1bp2/n1b1p1pp/1pB4n/3PpP2/1P4PP/P2K4/RN1Q1BNR b q - 3 17
18,00608,00608,1rb3k1/1p2r3/2N1Pb1p/1P1p2p1/1q1P4/P1P3KB/3R3P/1N3Q1R b - - 3 40
18,00609,00609,2bq1k2/1Q4rn/7b/2PP2pp/3r1pP1/PKB4P/3P2B1/RN4R1 b - - 1 38
18,00610,00610,5bnr/1b1pk3/nPr2p1p/p2P1Pp1/6P1/1p2PN1P/5R1K/R1B5 b - - 9 39
18,00611,00611,1r3rk1/1p4pp/p1pp3P/4p2P/P5q1/2P1p2K/RP1n1P1N/1NBR4 w - - 1 25
18,00612,00612,2B2br1/3p3B/3k4/pp3pp1/P1pP4/2P2q2/3NP2P/1RQ2KBR w - - 0 37
18,00613,00613,r3k1n1/1p4r1/n1p2ppP/p1Kbp3/P1PpP2P/3PBP2/1P6/RN2QRN1 w - - 1 27
18,00614,00614,r1bqkb1r/ppppppp1/5n1p/6Q1/2n1P3/2N3P1/PPPP1P1P/R1B1KBNR b KQkq - 0 6
18,00615,00615,1r1k1bn1/p1n1p2r/3pb1NP/1qB5/5p2/N1PPP2B/2PK1P1P/R2Q2R1 b - - 0 26
18,00616,00616,r1b3n1/p1q3br/n3p1kp/3pP3/PppP1BP1/7P/1P3P2/R3KBNR b - - 4 23
18,00617,00617,3rk1n1/1p1qp2r/p1pp3p/n4pP1/1P1B4/RP1P1NP1/3NP2P/3QKB1R b K - 5 18
18,00618,00618,r4knr/p4p2/np1b4/q2pN1p1/3P3p/4KPPb/1P1NP2P/R1B1QBR1 w - - 2 23
18,00619,00619,1rb2b2/p1ppnppr/n2qp3/2p2k1p/1P3P1P/PN1PB1P1/1QP1P3/R3K1NR b - - 0 20
18,00620,00620,r3qk1r/pbp5/2np2p1/1N1p1p1p/3b1P1P/BP4PB/PRP1P3/4K2R w - - 2 30
18,00621,00621,1n6/b3k1pr/r2q4/p1ppp1N1/PP1P1p1P/Q3PPPb/3BKR2/R4B2 w - - 0 28
18,00622,00622,r1k2b2/3bn3/1pn2pP1/8/2pP1N1r/2B1P3/P5K1/2R4R b - - 1 37
18,00623,00623,1Bq3nr/r2pp3/bpp2k2/pQ3pp1/PRP4p/3P1N2/3KBPnb/6R1 b - - 3 33
18,00624,00624,rnbqkb1r/pppp1ppp/7n/4p3/1P6/4P2N/P1PP1PPP/RNBQKB1R b KQkq - 0 3
18,00625,00625,r1bqkbnr/ppp1pppp/n2p4/8/2P4P/P7/1P1PPPP1/RNBQKBNR b KQkq - 0 3
18,00626,00626,rnbq1br1/pp1k1p1p/7n/2pNp1pP/7R/1PPP1N2/P2P1PP1/1RBQKB2 w - - 1 11
18,00627,00627,4kb2/3rpp2/2Q4p/p1N1P3/1p2P1b1/PP6/1B4PP/2R3K1 w - - 0 36
18,00628,00628,rk2r3/p3p2p/2n3pb/1Np2Qp1/6P1/KP2nP1R/P1P1P3/3R1B2 w - - 4 22
18,00629,00629,rn1qk2r/p3np1p/1p1B4/1bp1N3/3p2P1/7P/PPP1PP2/RN1QKBR1 w Qkq - 2 12
18,00630,00630,3rk1nr/p1p3p1/b3qp1Q/1p2pP2/1bP4P/1n4PN/PP1P1RB1/RNB3K1 b k - 0 16
18,00631,00631,rnbqkbnr/pppp1p1p/6p1/4p3/3P4/P7/1PP1PPPP/RNBQKBNR w KQkq - 0 3
18,00632,00632,r3b3/nppk4/6p1/4b2p/r2P4/3PP1PK/P5B1/RN2R3 w - - 2 41
18,00633,00633,3q4/3bbp1r/r1nk1n2/4pPpp/p2pP3/2PP1Q1P/2P4R/2R1KBN1 b - - 4 27
18,00634,00634,1n1q1b1r/r3kp1p/b3p3/pp2N2P/2p3p1/N1P2P1B/PP1PP3/1RB2K1R w - - 2 18
18,00635,00635,r1k1r3/p5bp/bq1ppP2/1ppn2p1/3PPP2/BPP2N1R/P1QN2B1/R2K4 w - - 1 27
18,00636,00636,rnbqkbnr/ppp1pp1p/3p4/6p1/4P3/3P3N/PPP2PPP/RNBQKB1R b KQkq - 0 3
18,00637,00637,rnbqkbnr/1pppp1pp/p7/5p2/8/BP6/P1PPPPPP/RN1QKBNR w KQkq - 0 3
18,00638,00638,rnbqkbnr/pp2pp1p/3p4/2p5/P1P1PN2/8/1P1P1P1R/RNBQKr2 w Qkq - 0 8
18,00639,00639,5rk1/5pbp/1p1Qp2P/1rB3P1/6P1/8/4B3/R1n1K1Nb w - - 0 30
18,00640,00640,6n1/p3rqr1/p3knpp/2Pp2B1/1N1P3P/bP2p3/P3P1P1/2R1KBR1 w - - 10 29
18,00641,00641,r2q1bn1/p1p3p1/P1kpp2r/1p2pb1p/nB4P1/1PP2P2/3PPK1P/RN2QB1R w - - 5 17
18,00642,00642,r2kq2r/p1p4p/bp4pN/4n1P1/1bQppp1P/B7/P2PP3/2KR2NR w - - 4 23
18,00643,00643,r1bqkbnr/pppppppp/8/4n3/8/5N1P/PPPPPPP1/RNBQKB1R w KQkq - 3 3
18,00644,00644,2b2r2/Rp3kb1/4p1p1/1P4p1/3P1p2/4P1Pr/4KPP1/BN3B1R b - - 2 32
18,00645,00645,1n4n1/rpq3k1/p1b4r/b3p1p1/1P1PpPPP/P6R/R7/2B1KB2 w - - 6 30
18,00646,00646,4kb1r/r2qpp1p/5Ppn/pp1nB3/1P1Q2b1/P1N4N/4P2P/R3KBR1 w Qk - 0 19
18,00647,00647,r1bqkbnr/pppppppp/2n5/8/8/N1P5/PP1PPPPP/R1BQKBNR b KQkq - 0 2
18,00648,00648,r5k1/p2n4/4q1p1/2ppP3/2p1p2r/N3P1P1/PP5P/R1K2BNR w - - 0 28
18,00649,00649,r3kb1r/pp1b1p2/n2p3p/1qp1p3/PPNP1pn1/B1P5/R2QPPBP/4K2R b Kkq - 3 13
18,00650,00650,rnbqkbnr/ppp1p1pp/8/3p1p2/4P3/P4N2/1PPP1PPP/RNBQKB1R b KQkq - 0 3
18,00651,00651,r1bq1k1r/pppp1p2/5npp/2bn4/P2p2P1/R1N2P2/1PPKP2P/2BQ1BNR w - - 0 11
18,00652,00652,r2bk1q1/8/5Q1P/ppp5/2p4P/3Q1b2/PP1PP3/RNB1KB1R w Qq - 1 21
18,00653,00653,r4bnr/1pp1pk1p/7p/1P1Pq2b/p1NP1p2/1Q1P1P2/P3B1PP/R4KNR b - - 5 19
18,00654,00654,rnbq1b1r/2p2Qpp/p2kp2n/1p1p4/4P2P/1P1P4/P1PN1PP1/R1B1KBNR w KQ - 1 8
18,00655,00655,1r1k2nb/3b1B2/p5rP/5pP1/qPp1pP2/N2R4/2n1PR2/2B2K2 w - - 0 33
18,00656,00656,r1k5/p1qnn2r/2pp2P1/1b1Ppp1p/1p2PBP1/1P5R/P3B3/RQ3N1K b - - 4 36
18,00657,00657,1n1k1b1r/1bpqn1pp/rp6/p3pp2/2P3P1/P1p2P1P/1P1PPK2/RNB2BNR w - - 0 13
18,00658,00658,1n3br1/4pk2/1R3p1n/1pPP2pp/1PPK4/4r1PP/PB6/RN2Q3 b - - 1 33
18,00659,00659,1r3rk1/pb1p1pp1/nbp1p2n/2P3qp/Np3PP1/1Q1P3P/PP1KP1B1/R1B3NR b - - 16 19
18,00660,00660,1rb2b2/1R3r1p/p2k1B1n/4np1P/1Ppp4/2P5/3R4/3K1B2 w - - 6 40
18,00661,00661,rnbqkb1r/pppppppp/8/5n2/8/2P2N2/PP1PPPPP/RNBQKB1R w KQkq - 3 3
18,00662,00662,2b2k1r/rpp4p/2Q3p1/1PPP1p2/p4P2/P1b4P/6BR/2K2n2 w - - 0 32
18,00663,00663,B5r1/p1k4p/b5pB/P3pP2/p1n1N3/8/R1P4N/4K1R1 w - - 4 37
18,00664,00664,r1bqk1nr/ppppp3/nP2N3/N3b1pp/2Q2p2/2P5/P2PPPPP/R1BK1B1R b kq - 1 15
18,00665,00665,r3kr2/pb1pp2p/5b2/6p1/P1n1Pp2/2pB4/1PK1QPPP/6NR w - - 0 28
18,00666,00666,1rbqkb1r/pppppppp/8/8/1n3P1n/N3PQ1P/PPPPN1P1/R1B1KB1R b KQk - 0 7
18,00667,00667,1n3q1r/3pkn1p/p5p1/P2b1p2/1PP5/2QpP3/3B1PPR/R3KBb1 b - - 1 27
18,00668,00668,r1bqk1r1/2ppbp1p/p7/n2Pp1N1/Pp2P3/6P1/RPBK1P1P/2BQ2NR w q - 1 18
18,00669,00669,1n2k3/1b1p4/p1rPp3/3n2Pr/4pP2/1P3N2/P1pP1K2/R1B5 b - - 4 33
18,00670,00670,r3r3/N3k2p/5b2/p1ppp1p1/bnpB2p1/Q2P1B1R/5PP1/R1K5 b - - 3 36
18,00671,00671,r3qkbr/pQ4b1/n2p1pp1/2p2P1n/3P3P/N3BN2/2K5/1R4R1 w - - 6 37
18,00672,00672,r2qkb1r/pb2pp1p/n7/1ppp2p1/3Pn2P/PPP2N2/1B2PPPR/RN2KB2 w Qkq - 0 11
18,00673,00673,r4bnr/Q1pbp3/8/1B1k2Np/P2P4/2P3p1/R4qPP/1NBK3R w - - 5 21
18,00674,00674,3q3r/4bk2/p2pbn2/5pp1/4QP1p/PPNP2PP/4PKR1/2R2B2 b - - 0 25
18,00675,00675,2B3nr/4p1b1/1p1k3p/n1p1rp2/Q7/4PP2/3PB1bP/1NB1KR2 w - - 0 26
18,00676,00676,1rb1k3/p4pbp/4p3/nPPp2pr/3RP3/8/2q1BNKR/8 b - - 0 34
18,00677,00677,2b1k1r1/rp1q1p1p/2Qpp1p1/pn4b1/PNP5/BP1P3P/3P1P2/R3KBNR b - - 2 18
18,00678,00678,1nbqkb2/1r2pppr/2pp1n1p/3P1P1P/p7/1p3NP1/PPP1PK2/RN1Q1BBR w - - 0 15
18,00679,00679,R4b2/p3p1B1/1p1pk3/nr3pp1/PP3Pnp/N2KPN2/2PP3P/3Q2R1 w - - 0 30
18,00680,00680,rnbqkbnr/pppp2pp/4pp2/8/4P3/5N2/PPPP1PPP/RNBQKB1R w KQkq - 0 3
18,00681,00681,r2qkb1r/3pp1pp/bp3pPn/p1p5/P1P1P3/3P1PP1/1P6/RNBQKBNR b KQkq - 0 10
18,00682,00682,1rbq4/8/1pN1k1nb/pP1p1pQ1/3PP1PP/3N4/P1P5/3RKBR1 b - - 0 34
18,00683,00683,r5k1/1BQ4p/4p3/4BP2/1p4nP/1b4PR/P1P1N3/1Rb3K1 b - - 2 35
18,00684,00684,4kbr1/Bp1qp2p/8/p1pP2p1/6b1/N4Pp1/PPP1P2P/R2QKBNR b - - 2 15
18,00685,00685,rn2kbn1/1b2p1p1/p4p1r/qP1p3P/p1p5/2P4N/R2PPP1P/1NBQKB1R w q - 0 14
18,00686,00686,r1k2b1r/pq3p2/RPppn1np/1P6/2Ppb1P1/4BB1N/1Q3P2/1N3K1R b - - 3 26
18,00687,00687,1nb1q2r/6b1/r1p1pk2/ppnp2pp/P2PP1P1/R1N5/1PP2PBP/2BK2NR w - - 2 18
18,00688,00688,r4r2/nbpqpP2/p1Bp1bkp/1p2P1p1/P2P4/N6N/1PP1K2P/R1B4R b - - 1 28
18,00689,00689,1nb1q1nr/5k1p/1P1p3b/1Ppr1p2/2P1Np2/NQR1P3/3P3P/B3KBR1 w - - 0 28
18,00690,00690,rnbqkb1r/pppppppp/8/8/4n3/3P1N2/PPP1PPPP/RNBQKB1R w KQkq - 1 3
18,00691,00691,r6r/p1p4B/P3Pk1n/3p4/6bP/P3P1PR/2N1Q3/3R1K2 b - - 2 40
18,00692,00692,r1b1k3/pp4pr/2pppn2/8/qB2R1Pp/2PP2NP/3Q4/4KB1R b K - 0 24
18,00693,00693,rn3k1b/pb3p2/2p3p1/1p1p2P1/1PP2P2/1Q2P2B/7n/RN1K4 w - - 1 33
18,00694,00694,1nq2k2/r3n2r/bp2Pppb/pNpp3p/P1B1Q2P/1PP1P1PN/3P4/R1B2RK1 b - - 3 20
18,00695,00695,r2k2nr/3bp1b1/np1p1p2/p1B3Pp/P1q4P/7N/1R1PPKP1/Q4B1R b - - 3 21
18,00696,00696,6n1/p1k1b1P1/P7/1p1p1r1r/1P6/2P1P1P1/1N2B3/1RB1K1N1 w - - 3 40
18,00697,00697,rn1k1b1r/p1p5/1B5p/2qp3b/P4p2/R1PP1P1B/8/1N2K2R b - - 8 26
18,00698,00698,r4b2/p1p1nk1r/b3pp1n/2P2P2/qQ1PP2p/P6B/1B3K1P/RN2R3 b - - 0 25
18,00699,00699,r4N1r/2k5/1p3Q1b/3p4/1Pp5/5R1B/2b3nP/5KR1 w - - 0 40
18,00700,00700,1rN1kb1r/p4p1p/1pn1pn2/5bpP/Pp4P1/q3B3/R1PNPP1R/1K1Q1B2 b k - 0 24
18,00701,00701,rn2kbnr/1p2ppp1/2qp4/p2P2Np/2P4P/PQ1b1P2/2PBPKP1/RN3B1R b kq - 0 14
18,00702,00702,2b5/1p1p3Q/1k3p1p/2p1r3/r1P1N1P1/P3P2P/R2PBK2/2B4R w - - 5 38
18,00703,00703,1r3Nn1/1b2k1pr/1pp4p/3pppP1/Pp1P4/2PQB2P/NR3K2/5B1R w - - 0 26
18,00704,00704,r1q1kb2/1p3p1r/b1ppp2p/n4Pp1/P3N2P/3P1P2/2Q1P2B/R3KBNR b Kq - 0 26
18,00705,00705,r1bqk1nr/1pp1bppp/3p4/p3p3/3n2P1/1PPPPP1P/P7/RNBQKBNR w Qkq - 1 10
18,00706,00706,r1bk2r1/8/1p1P1p2/Q1n3P1/p3N2p/P3nB2/2p3PP/b1B1K2R w - - 0 30
18,00707,00707,rqb2b2/1p3ppr/np2k2p/2Ppp2P/2P3P1/4P3/PP1N1n1N/R1B1KBR1 b Q - 0 16
18,00708,00708,r2qk1n1/N1n1b2N/1ppp4/p2bp2p/2PPP1PP/8/PP3P2/1RB1KB1R b q - 2 18
18,00709,00709,r1bqkb1r/pppppppp/2n2n2/8/8/P2P2P1/1PP1PP1P/RNBQKBNR b KQkq - 0 3
18,00710,00710,2b1q2r/p1r2pbp/4p3/1PP1k1p1/Q2N2n1/1P4PB/R4R1P/1NB1K3 b - - 1 32
18,00711,00711,nR1qkb2/2p4r/3p3p/4p1N1/2P2N2/P5nP/3B1P2/3K1B1R w - - 5 28
18,00712,00712,r1bqkb1r/pppnpppp/3p1n2/8/8/NPP1P3/P2P1PPP/R1BQKBNR b KQkq - 2 4
18,00713,00713,r1bqk1nr/pppp1p1p/n5p1/1Bb1p3/P3P3/5N2/1PPP1PPP/RNBQK2R w KQkq - 4 5
18,00714,00714,r1b1qb1r/pppp2pp/2n1k2n/4pp2/2P2P1P/6P1/PPQPP3/RNB1KBNR w KQ - 7 10
18,00715,00715,b3k2r/2nq1p1p/r1p5/pN1pp1bP/1PPP4/P1K2p1N/4P1B1/3R3Q b k - 1 29
18,00716,00716,rqb2bkr/2p1p1pp/1p6/p2pPp2/P3n1PN/2Pn2R1/1P1NKP1P/1RB2B2 b - - 13 24
18,00717,00717,rnb1k3/p1qpp1br/Bp3n1p/2p1NPp1/P7/4P3/1PPP1P1P/RNBQ1K1R b q - 3 10
18,00718,00718,2b2kB1/3p4/pr1r4/2p1pNbp/4P1p1/6PP/1P1P1P2/RNBK3R w - - 2 25
18,00719,00719,rnbqk1nr/2ppp1bp/pp3p2/8/5Pp1/PP3N1P/R1PPPKP1/1NBQ1B1R b kq - 3 7
18,00720,00720,rnbqkbnr/ppppp1pp/8/5p2/8/6P1/PPPPPP1P/RNBQKBNR w KQkq - 0 2
18,00721,00721,rnbqkbnr/pppp1ppp/8/4p3/8/6P1/PPPPPP1P/RNBQKBNR w KQkq - 0 2
18,00722,00722,r1bqkb1r/1ppppp1p/5np1/p2N4/P6P/1P6/2QPPPP1/R1BK1BNR b kq - 1 7
18,00723,00723,r1bqkbnr/ppppppp1/n6p/8/8/P5P1/1PPPPP1P/RNBQKBNR w KQkq - 0 3
18,00724,00724,rnbqkbnr/p2pppp1/1pp4N/7p/2P5/8/PP1PPPPP/RNBQKB1R w KQkq - 4 6
18,00725,00725,r3kb1r/p5pp/n3b2B/1pp1pp1N/7q/Q2PKP1P/P3P3/RN3B1R b kq - 0 25
18,00726,00726,1n1qkbnr/2r5/2p4p/B1pPN3/1P4P1/P2b4/R3pPBP/1N2K2R w Kk - 0 27
18,00727,00727,r3b3/B3rk2/n3p2n/PPpp3p/3b3P/R2K1pP1/1PQ5/3R1B2 w - - 1 41
18,00728,00728,Q2n1knr/p2pp2p/1p4p1/4b3/P4pKP/RpqP4/2P1NPP1/1NB4R w - - 0 21
18,00729,00729,rnbqkbnr/p1pp4/1p5p/1N2ppp1/1PP4P/3P4/P2QPPP1/R1B1KBNR b KQkq - 1 8
18,00730,00730,3k2n1/3r4/r2b1Pp1/ppPBp3/1n3PbB/P1K5/2P1P2P/2R2QNR b - - 0 29
18,00731,00731,r1bq1b2/p1pk1ppr/2n1pn1p/P2p3N/1p6/2P4Q/1P1PPPPP/RNBK1B1R b - - 3 11
18,00732,00732,r4b2/1bkq4/2pp2p1/p2n1p2/PpPPQP1r/2P1PN1p/3B2PP/RN2KBR1 b Q - 0 26
18,00733,00733,1rbqkb1r/pppppp1p/n5p1/3P4/4P3/NP6/P1P2nPP/1RBQKBNR b Kk - 0 7
18,00734,00734,5b2/P3kpn1/2bqp2r/2p3Pp/p1Q3P1/nPN1P3/P2BKN1P/3R1B1R w - - 5 32
18,00735,00735,r1b2knr/1p1pp1bp/p3np2/qNp3p1/3P2P1/1P3N1P/P1PBPP2/R2QKB1R b KQ - 1 13
18,00736,00736,r1b1kb2/pppp1p2/2n1p2r/3P2pp/N1q2P2/PP4P1/2PPN2P/R1BQKBR1 w Qq - 4 11
18,00737,00737,1n3k2/3q1p1B/2ppP2n/pp3r2/P1P3P1/1P2P3/1B2K2b/1R2QR1n w - - 4 35
18,00738,00738,rn2k3/p4prp/1p1pp1pb/P1p1P3/6B1/NP1P4/1P4PP/R2QK1NR b q - 2 15
18,00739,00739,2b1k3/r1pnb2r/pp3p2/1Qp1p1p1/4K1nP/2BP2P1/PP2P3/RN2NB1R w - - 0 25
18,00740,00740,rq2kbn1/ppnb1ppr/2p5/3pp1Np/2PPP2P/1PQ5/P2N1PP1/1RB1KBR1 b q - 5 16
18,00741,00741,1r3b2/1pp1pnp1/4qk2/4N2p/3PpP1P/rPP1N3/1B1P2P1/1K3RR1 b - - 2 39
18,00742,00742,1n1qkbnr/r3p1pp/bpp2p2/p2p4/P1PPN2P/1P3P2/4P1P1/R1BQKBNR w KQk - 1 9
18,00743,00743,1n3k1r/r3p3/1p5p/p1pqBP2/b1P5/PPpP1N1P/R4KBR/3Q4 w - - 1 28
18,00744,00744,1rb1k3/1p3pb1/3ppnpr/2p4p/1P2P1P1/N1PQ1B2/1B1P3P/R3KR2 b - - 0 22
18,00745,00745,6k1/1p4rp/1p3b2/pP2Pbp1/Pnp1BP2/7q/2N1P2n/2R4K b - - 1 40
18,00746,00746,r1B1b2q/p4pnr/3kp2p/6p1/PnPN1P2/1P2P3/3P2PP/R1B3KR b - - 6 29
18,00747,00747,4r1nr/pqk3p1/2pb4/3pPpPp/1Pb2P1P/P3P3/NR1PNR2/2BK4 w - - 1 32
18,00748,00748,r1bk1r2/pp6/2p2bp1/1P1p3p/3P1Pn1/P3q2B/1B1NP2P/R3K1NR w KQ - 0 27
18,00749,00749,1nb2b2/2pk4/rp1P4/pN2PPr1/4BP1p/4B2P/RP6/4K1Nn w - - 0 24
18,00750,00750,rnb1kb1r/6pn/p1pppp1Q/1p1N3p/1PP1P3/B2B1N1P/P4PP1/1R2K2R b K - 1 18
18,00751,00751,r1b1kqnr/p1pp2b1/np2p1p1/5p1p/1P1P4/1NQ1PN1P/P1P2PP1/2R1KB1R b Kkq - 5 13
18,00752,00752,rnbqkbnr/pppp1ppp/8/4p3/8/5P2/PPPPP1PP/RNBQKBNR w KQkq - 0 2
18,00753,00753,rnbqk1r1/1p1ppp1p/p4np1/2p3N1/2PQ1PP1/N7/PP2P2P/1RB1KB1R b Kq - 0 10
18,00754,00754,r1b1kbnr/p5p1/1p1p1q2/2p2p1p/5P2/2P1P2N/RP1P1KPP/2BQ1BR1 b kq - 3 12
18,00755,00755,r1b3nr/2kp2p1/p1n2b2/1p2pp1p/8/2B1P2N/P1P2PPP/R2QKBR1 w Q - 0 16
18,00756,00756,r3r3/4b1p1/2kp2Pp/PNn1pn2/2Pp1P2/8/1P1KN2P/R3R3 w - - 0 40
18,00757,00757,r1b1k1nr/2p2pp1/Rb1p4/1P2p2p/3n1N1q/2N1B3/1PPQPPPP/4KBR1 b - - 0 16
18,00758,00758,5rn1/2pk1ppp/5q2/1N1p4/1p3b2/2QPr2b/P3RPR1/2BK1B2 w - - 0 34
18,00759,00759,1b1r3r/p4k2/Ppn2ppp/2P1pn2/3pp1P1/6P1/4q3/3RBBRK b - - 6 40
18,00760,00760,5bn1/2p1p2r/r5kp/pqnP1pp1/b7/PP2PPP1/1B1PN1RP/RN4K1 w - - 4 24
18,00761,00761,r4kn1/1Bp3b1/2n1pN2/3P1pr1/N2P1P1P/P6Q/PKP4R/3R4 b - - 3 31
18,00762,00762,1nq1kb2/r1pp3r/p3pppp/1p6/2PP3P/P1B1PN2/3QKP1R/RN3B2 w - - 3 18
18,00763,00763,r3k1r1/ppnb1p1p/3n4/2P1p1pP/Pp3N2/R1pP2P1/3QPK1P/5BR1 w - - 0 31
18,00764,00764,rnbq2nr/1ppp1ppp/8/p1P1p3/4k1P1/2PQPN1P/PP2KP2/RNB2B1R b - - 2 11
18,00765,00765,r1b1kb1r/p4pnp/1n2p3/1p1pN1P1/4P1PP/B1NK4/P1QP4/1R3B1R w kq - 1 24
18,00766,00766,4r3/p1k4r/P2b2Qp/3p3P/q2B1P1R/1p1P2P1/1P2P3/3K1B1R b - - 4 38
18,00767,00767,1nr5/r3np2/Np4k1/3p1p1p/P1PppP2/1p5P/1PR1KPb1/5B1R w - - 1 39
18,00768,00768,r1bqkbnr/1ppppppp/2n5/p7/8/4P2P/PPPP1PP1/RNBQKBNR w KQkq - 0 3
18,00769,00769,8/rk3p2/p1pPRP1n/qb1p2B1/1pNP3p/1P5N/n1Pr4/5K2 w - - 1 40
18,00770,00770,r1b2b1r/1pp1nkp1/p2Pp2n/q6P/1Q3p1P/2NP1P2/P2KP3/R1B2BNR b - - 3 22
18,00771,00771,r1bq1rk1/1pppnp1p/8/7n/pbPp1p1P/PQ4PR/RP1PP3/2BNKB2 b - - 5 19
18,00772,00772,1rbqkbnr/2ppp2p/np3p2/p2N2p1/5P2/7P/PPPPP1P1/R1BQKBNR w Qk - 6 9
18,00773,00773,r1b5/2B1k3/1pP1pr2/p2p1p1P/5P2/nP1KP1p1/n2PN2R/7q w - - 0 37
18,00774,00774,k2r3q/5p1r/ppb1p3/1PPpP1bp/2N2B2/P3RPnP/2K1B1P1/6R1 b - - 2 37
18,00775,00775,3k1b2/6R1/4pp2/2K5/1n4Pp/2p1PB1P/P1P1NQ2/7R w - - 0 38
18,00776,00776,r1b3r1/3pk3/n1pbNp2/n3p1pp/1pN1P2P/P4KQ1/3P2P1/B2R1B1R b - - 0 23
18,00777,00777,2r1kr2/1b1pnp1n/p3p1p1/1pp4p/PPP1P1PP/1R1P2bN/2Q2P2/4KBNR w - - 1 24
18,00778,00778,rnbqkbnr/pppppppp/8/8/6P1/8/PPPPPP1P/RNBQKBNR b KQkq - 0 1
18,00779,00779,rnb1k1nr/1p1pbppp/p1q5/1N2p3/2B2P2/1P2PQ1P/P1PPN1P1/R1B1K1R1 w Qkq - 8 15
18,00780,00780,1n3k2/r4r2/p3p3/4b1Np/P1pPb1nP/1P1B2p1/2PPKP2/R1B1Q3 b - - 7 38
18,00781,00781,rn2kbnr/ppqbpp1p/2pp3p/8/3P1P1P/8/PPP1P1P1/RN1QKBNR w KQkq - 0 6
18,00782,00782,rnb1kb2/pp1pqppr/B1p4p/3np2P/P3P3/5N2/1PPP1PP1/RNBQ1K1R b q - 4 10
18,00783,00783,rnbqkbnr/1ppp1ppp/8/p3p3/5P2/7P/PPPPP1P1/RNBQKBNR w KQkq - 0 3
18,00784,00784,1rbn1k1r/1p1p4/p4p1n/8/PqN3Q1/1PB1P1pP/1R2P2N/4KB1R w - - 1 40
18,00785,00785,rnb3nr/ppq1pk2/5ppp/2Pp2Q1/P3P3/8/1bP2PPP/RNB1KBNR w K - 2 12
18,00786,00786,2r3n1/p1b2k2/q4ppr/P1n1B2p/8/3p2PP/3PP3/R3KBNR w - - 0 40
18,00787,00787,rn3kBr/3p2p1/3P2qp/1bR1pp1P/pP1Nn3/B5P1/P4PR1/4K3 b - - 2 31
18,00788,00788,1n2kqnr/3rp3/p5pp/1pppbp2/3P1N2/NPP1B3/P3PPPP/2K1RBR1 b - - 0 23
18,00789,00789,1n2k1n1/3b3r/r2p3p/P1p1pp1p/2pb1P1P/B5P1/P1PPN3/R2NK2R b - - 2 22
18,00790,00790,rn2kb1r/p3ppp1/4q3/2pPP2p/bpQ5/RP1P1P2/2n2KPP/1N3BNR b kq - 2 20
18,00791,00791,r1b1k2r/2pp1p1p/1pn3p1/pN2pn2/2P4q/b2PP1PB/PP3P2/1RBQK1NR w Kkq - 1 14
18,00792,00792,1rk2b2/2pqp1pr/1p3p2/p5Pp/2pP3P/1PP2P2/P2K1B1N/7Q w - - 1 34
18,00793,00793,r1Nbk3/1n6/p4p1r/7p/1pPK3P/1P2P1p1/N3R1P1/5B2 b q - 1 31
18,00794,00794,r1b1kb1r/3ppp2/p6n/2p2nPp/2P5/PQ2PPP1/RP1B4/1N2KBNR b Kkq - 0 13
18,00795,00795,rnbqkbnr/1p1pp1p1/8/p1p2p1p/P4P2/2PQ4/1P1PP1PP/RNB1KBNR b KQkq - 1 5
18,00796,00796,2b2bn1/rp1pk1pr/2n1pp2/p5Np/1pqPPP1P/P5P1/1B1Q4/RN3BKR w - - 0 18
18,00797,00797,7R/1b2b1P1/1pp2n2/4pk2/2NPn2r/7N/rBP1K3/R2Q1B2 b - - 4 25
18,00798,00798,r1bqk1nr/1ppp1pp1/p7/1B2p2p/1P2P2P/4b3/P1PP1PP1/RNBQK1NR b KQkq - 3 9
18,00799,00799,r5k1/4n3/n4pp1/2P5/p1p1b2r/P3R1KP/8/R1B2N2 w - - 0 39
18,00800,00800,2k2b1r/p7/2p1p1np/qpPBPp2/r4Pp1/2P1BNP1/P3K2P/R1N4R w - - 1 31
18,00801,00801,r1b1kbr1/p1qpp2Q/BN3p2/2pP2pp/8/2K1P3/PPP2PPP/R1B3NR b q - 0 13
18,00802,00802,r2k2nr/4ppqp/2p5/1p1p4/Q3P1Pp/N5b1/2P3B1/R3K2R w K - 2 28
18,00803,00803,1qb3Q1/3k4/3ppB2/pr2B3/p3NP2/2KP4/4P3/8 b - - 6 39
18,00804,00804,rn2kbnr/1p1b2p1/2pp3p/p1P2p2/4PpP1/1P1q1N1P/P4K1R/R1B1QBN1 b kq - 1 18
18,00805,00805,1nb1kbnQ/1p1ppp1r/1q6/7p/p2PPP2/Pp2B2N/2P3PP/R4RK1 w - - 1 21
18,00806,00806,rnbqkbnr/pppppppp/8/8/8/4P3/PPPP1PPP/RNBQKBNR b KQkq - 0 1
18,00807,00807,r3Q3/3pp3/p1n2k1B/1pp5/2P4P/b1KBP2b/8/3n2NR w - - 8 38
18,00808,00808,rnbqkbnr/ppppp1pp/5p2/8/2P5/8/PP1PPPPP/RNBQKBNR w KQkq - 0 2
18,00809,00809,r5n1/2p4r/B3k3/2npP2P/P2P1p1P/1p6/1q2R3/3KQ2b b - - 0 38
18,00810,00810,2b1kb1r/1p1p2p1/5n2/r1n1p1Pp/1qP2p2/3QPP1P/1B1P2B1/RN3KNR w k - 2 18
18,00811,00811,2r4r/2qk3p/p1p2ppn/1p3P2/4P1bP/b1PP4/1P3KP1/RNB2B1R w - - 0 23
18,00812,00812,2b3nr/r4k2/pn3q1P/5pB1/1p1N1p1P/2bPP1R1/P1QP4/3K1B2 b - - 4 33
18,00813,00813,1n1n4/4k3/6pR/3ppb2/1PpP2P1/R1PBPr2/3N2K1/4B3 b - - 2 37
18,00814,00814,4Bbr1/2r1kpp1/2n3bp/ppp1p3/1P2PP2/4P1nP/P1PKN3/1RB2QNR b - - 0 20
18,00815,00815,2Nk1bB1/r5p1/4pn2/pqp1p3/2P4P/Pn3bP1/3P1P2/R1B1R1K1 w - - 6 34
18,00816,00816,2r1kbnr/p2nppp1/b7/qp1p3p/PPp3P1/N1B2P2/2PPP2P/R2QKBNR w KQk - 2 10
18,00817,00817,r2qkbnr/p1p1ppp1/b2p3p/8/1pQ1PPP1/P1N5/1PPP2KP/R1B2BNR w - - 2 17
18,00818,00818,3qrk2/3p1r2/1p1ppnP1/pP1b1p1p/1n3P2/1Nb2R2/PQ2K1B1/B2R2N1 b - - 3 35
18,00819,00819,4rbr1/p1knp3/1pBp1p1p/1P1PBb2/P4np1/3R1PPN/2Q5/4K1R1 w - - 0 29
18,00820,00820,Bn3bnr/4ppp1/1q2k3/p1p4p/p7/1PN1PNKP/R1bP2P1/2BQ1R2 b - - 0 23
18,00821,00821,r1bq1b1r/1pp5/p2k3p/1n1p1PNn/PP2p2P/3P3R/2P1PP2/RN1QKB2 b Q - 0 16
18,00822,00822,2b1k3/1p1pP3/B1pb1Bp1/5p1p/N4P1K/p3P3/r6P/RNR5 w - - 3 39
18,00823,00823,1rbr2k1/2Bp1p1p/1p2p2Q/p1p3p1/PPP4P/N2B1P2/1q3PPR/3RK1N1 b - - 6 23
18,00824,00824,1R6/3k3r/r4Pbp/p6P/5P2/pPpn1P2/P1PQ1R2/4RK2 w - - 7 40
18,00825,00825,r3k2r/pb1p4/2n1qppb/P3P2P/1pp1PN1P/1P6/NBPPB3/1R1Q1K1R b kq - 8 25
18,00826,00826,4n3/pp2p1br/2n2k1p/5b2/PP3R2/2NpK1P1/2PP1R1P/B7 w - - 2 38
18,00827,00827,rn2Q3/2kp2n1/2q1p1p1/R1P3p1/5P1p/B3P1PP/P1P5/4K1NR w - - 1 33
18,00828,00828,3k1r2/Q1q1pPb1/B3b1pp/3n1PB1/p1Pp2PP/2PK3N/P7/1R5R w - - 1 32
18,00829,00829,r1b2bnr/p1pk4/8/1pn1PpBp/3PP1pP/2N5/PPP3PR/R4KN1 w - - 2 15
18,00830,00830,r2qkbn1/pbp1p1p1/2n4r/1p3p2/3p1P2/P1BP3B/RPPKP2P/1N1Q2NR w q - 1 15
18,00831,00831,b1q1rk2/4r1b1/1p5n/p1Pp2Pp/P1N1p1PP/1Pp2N1B/2P1QR2/2B1R2K w - - 5 34
18,00832,00832,rnbqkb2/ppppppp1/5nr1/2P4p/1P6/5P2/P2PPKPP/RNBQ1BNR b q - 0 5
18,00833,00833,r1b2kn1/2pp1Bp1/pp2p3/n1P5/3P3r/P2R1PP1/R7/1NK5 b - - 0 31
18,00834,00834,rnb3nr/3p3p/1p3pk1/p1p1p1b1/2P2NPP/PP1PPP2/6Q1/RNB1KB1R b KQ - 1 15
18,00835,00835,rn2k2r/1pp2pb1/5n1p/p3p1P1/PP2PP2/3pNP2/R2P1K2/1NB5 w - - 3 24
18,00836,00836,r2kB3/1p3pr1/p4Pp1/2p2b1p/1bpPPQ1P/2P5/3B2K1/R5NR b - - 0 30
18,00837,00837,4k2r/p4p1p/5n1b/p1p1Pbp1/P3p1P1/R1PqK3/1r3P1P/1NB3NR w k - 2 16
18,00838,00838,2q2r2/Nrp1bk1p/1p1pbp2/p6n/P1B2pPp/1PP4P/R2P4/2BK2NR b - - 6 26
18,00839,00839,rn1qk2r/pb2ppbp/1pp4n/1B1p2pQ/P3PN2/1P5P/2PP1PP1/RNB1K2R b KQkq - 1 8
18,00840,00840,rn1qkb2/pbp1p1pr/3p1p1p/1pn5/PP2P3/2PQ1NP1/3P1PBP/RNB1K2R w KQq - 3 11
18,00841,00841,rn1q1rk1/p2b1pbp/3pp1p1/1p3nP1/1P1B4/2P2Q1N/P3PPBP/RN2K2R w KQ - 3 14
18,00842,00842,1rb1r3/pp1pp1kp/2n1P3/2p2pbR/P3NP2/BqNP4/R1PQB1P1/4K3 w - - 0 21
18,00843,00843,1n2k1nB/2pp4/1r4p1/P1bb1p2/Pp2pp2/2RPQ2P/3NK1B1/6R1 b - - 1 40
18,00844,00844,rnbqkbnr/3p1Npp/p3pp2/1pp5/1P1P4/N1P5/P3PPPP/R1BQKB1R w KQkq - 0 8
18,00845,00845,r2k2nr/pQp4p/n2q2pb/3bpp2/4N2P/N1BpPP2/P2P2P1/R1K2BR1 w - - 2 21
18,00846,00846,rnbk1bn1/p1ppq2r/Q3p3/1p2Pppp/1PP3P1/5P2/P2P3P/RNB1KBNR b KQ - 1 10
18,00847,00847,1r1k2r1/p2P2p1/1p3p2/7p/3p3P/B2n1P2/P2PP1KR/R3QBN1 b - - 6 25
18,00848,00848,r1b2Nnr/pp3kp1/n2p3p/P1p1p2q/1R2P1PP/P2K1p2/2PP1P2/1NBQ1BR1 w - - 2 21
18,00849,00849,r3k3/pb3p1r/3Pp2n/P3n3/3PP1q1/1P4B1/5P1b/rNK2BR1 w q - 1 35
18,00850,00850,r1b5/2p1n2r/p1P1pqk1/3p1p1p/1P1P1P1P/3R1PP1/1PK1N3/7R b - - 16 38
18,00851,00851,3Qk3/r1p2q1r/p1b2Pp1/4pp1p/nb2P3/RPPB1P1N/1B1P3P/1N1K3R b - - 2 21
18,00852,00852,rnbq1b1r/p5pp/1p2k2n/3p1p2/2p2PP1/1PPPpN2/P1K1PN1P/R1BQ1B1R w - - 4 16
18,00853,00853,2b3n1/3pk3/1qp3p1/p6r/PrP1ppB1/b3P3/3B1P2/2NK1R2 b - - 0 30
18,00854,00854,rnbqkbnr/ppppp1pp/8/5p2/8/4P3/PPPP1PPP/RNBQKBNR w KQkq - 0 2
18,00855,00855,rnb3nr/p3q1bp/4k3/1ppp1pp1/1PP1p3/P2PPQPP/RB3P2/1N2KBNR b - - 2 14
18,00856,00856,1nbq1bnr/r2k2pp/p7/2pppp2/R2N4/4P2P/1PPP1PPR/1NBQKB2 b - - 1 12
18,00857,00857,r1bqkbnr/pppp2pp/2n1p3/5p2/4P3/2N5/PPPP1PPP/R1BQKBNR b KQkq - 3 4
18,00858,00858,rnb2rk1/1pb2pP1/7q/p4Q1p/Pp6/2P2N2/3PP1PP/R3KB1R w KQ - 5 22
18,00859,00859,1n2kbnr/rb2p1pp/p7/2pp1p2/qpP1NP2/NPB1P1P1/P2P2BP/R2Q1KR1 w - - 1 17
18,00860,00860,7k/r2n1Pp1/1pp2p1p/3p2rP/1p1PP1B1/6PR/P2P4/RNK1Q3 w - - 1 39
18,00861,00861,1rb2bnr/1pNnkppp/6q1/p7/Np1p1P2/8/P1PPP1RP/R1BQKB2 b Q - 1 13
18,00862,00862,rn1k1bnr/pq2p2p/Qppp4/6p1/2PP1pbP/4PPPN/PP1N4/R1BK3R b - - 6 15
18,00863,00863,r1qkn3/p2PR3/1p4N1/3B2r1/1P1p1P2/P1P4P/R1K2b1P/1NB5 w - - 1 39
18,00864,00864,1r4r1/3qb1k1/pnP2p2/Bp3PNp/2PP2PP/R7/RPN5/2Kb4 w - - 5 36
18,00865,00865,rn3q1r/3k1B2/p1pb1PQp/3n4/1p1P3P/3PB3/PP2P3/1R2KN2 b - - 3 30
18,00866,00866,r1bqr1k1/1p1p2pp/n2b2n1/p1p1p3/2PP1p2/NP4PN/PB2PP1P/R1Q1KB1R w KQ - 1 16
18,00867,00867,rnbqkbnr/pp1p1pp1/2p5/4p2p/2PP1N2/8/PP2PPPP/RNBQKB1R b KQkq - 0 4
18,00868,00868,1r2kb2/3nqp1r/b1ppp1P1/1p3p1p/pP1Pn3/5N1P/P1P1P1BB/1R1QK2R w K - 1 18
18,00869,00869,r1bq1bnr/pppppk1p/n4p2/8/5N1p/P5P1/1PPPPP2/RNBQKB1R w KQ - 0 6
18,00870,00870,rn2kb1r/2nb3p/2p4P/1P1Pp3/P4pPq/1P5R/3NP1p1/1R2K1N1 w kq - 2 30
18,00871,00871,1r2r3/p1q1nkp1/5p1p/4pP1P/2Q3P1/1PKpbb2/P3B1R1/RNB3N1 b - - 0 37
18,00872,00872,r1bqkbnr/pppppppp/2n5/8/6P1/8/PPPPPP1P/RNBQKBNR w KQkq - 1 2
18,00873,00873,rnbqk1r1/3p1ppp/p1p1p3/1p1Q1n2/1b1P2PP/2P2P2/PP2P3/RNB1KBNR w KQq - 2 10
18,00874,00874,r2k3r/p2b2bp/n2p2p1/qp1Ppp2/1P2P1PP/B4N2/P1P1B3/R2QK1R1 b Q - 5 29
18,00875,00875,rnb4r/1p1pb2p/p2kpp1P/2p5/1PP5/PQNPPP2/4B2P/R3K1NR w KQ - 1 17
18,00876,00876,r1bqkbnr/pppp2p1/4pp1p/5P2/1n6/1P5P/P1PPPKP1/RNBQ1BNR b kq - 0 6
18,00877,00877,1nq1kb2/r1p3p1/pp1p1p1B/4pnP1/PPPP3r/8/3KPPb1/RN3QN1 b - - 0 24
18,00878,00878,2kr1r2/3b1P1p/3pp3/3PnnB1/P1PqK3/P7/4P1PR/RN2bBN1 w - - 1 32
18,00879,00879,1nb1k1nr/1p1p1pbp/4q3/rQp3p1/p2Pp1P1/P1P2P1B/1P1BP2P/RN2K1NR b Kk - 1 12
18,00880,00880,rn1qk1nr/p1pp1p1p/1p2p2b/6RP/P2Pb3/2N2P2/1PP1PKP1/2BQ1BNR b kq - 2 12
18,00881,00881,rnbqkbnr/1ppppppp/8/p7/8/2N1P3/PPPP1PPP/R1BQKBNR b KQkq - 1 2
18,00882,00882,2bk1r2/r1q4n/1p3pP1/4NB2/PPpPp3/Rn2B1K1/1N5P/3Q3R w - - 2 41
18,00883,00883,R3rbn1/2R3p1/p2p1k1p/5P2/4p1PN/8/P1K1Pn1q/2BN1B1R w - - 2 41
18,00884,00884,B3r3/pb1k2p1/2np3n/qpp1P1b1/2P1Pp2/1P4p1/1R1PKQ1P/1NB3NR w - - 1 28
18,00885,00885,rn1qkbnr/1pp1p1pp/3p1p2/p2P2P1/8/N6B/PPP1bP1P/R1BQK1NR w KQkq - 0 7
18,00886,00886,2r1kbnr/1ppn2p1/p6p/N2ppp2/PPbPP1Q1/2P3q1/1B2NPPP/R3KB1R w KQk - 1 16
18,00887,00887,1n2kb1r/1b2p1p1/r7/pPPp1pN1/4N2p/2n3P1/3KPP1P/1RB2B1R b k - 1 24
18,00888,00888,r4bn1/p3k2r/b1p2q2/1p1Pp1pp/Pn2PpPP/R2P1P1N/3NK3/2BQ1B1R w - - 2 16
18,00889,00889,2bq2n1/rppp1kp1/n4r2/p1b4p/PP3P1P/2N2PR1/2PPK3/R1BQ1BN1 b - - 2 17
18,00890,00890,rn1q1b1r/pppbkppp/3p4/P3p1n1/1P5P/2N3P1/2PPP2N/R1BQKB1R w K - 3 12
18,00891,00891,rnbqk1nr/1pp1p2p/p2p3b/5pp1/1P4PP/P6R/2PPPP2/RNBQKBN1 w Qkq - 0 6
18,00892,00892,r1bqk1nr/p2p1p1p/n1pbp3/1p4p1/2P5/1P1PP1P1/P3QP1P/RNB1KBNR w KQkq - 1 7
18,00893,00893,r1b2br1/pp1ppk1p/2p4q/2n2pn1/1PPP1P2/2NRB3/P2KP1PP/Q4B1R b - - 5 18
18,00894,00894,4k1nr/p3rp1p/npp3p1/2P1p3/P5b1/1P2PP2/R2B2KP/1N1Q1B1R b k - 1 19
18,00895,00895,2b3nr/rP4kp/p3P1p1/P1Q5/1n3p1b/6PB/4KP1P/1R4NR b - - 0 32
18,00896,00896,r1b1k1nr/p4p1p/1pp1pq1b/2n3p1/1PPp1PPP/2N2K1B/P1QPP3/R1B3NR w kq - 2 15
18,00897,00897,1n1qkbn1/1pp1pp1r/r3b3/p5pp/P1Pp4/1PNP2P1/4PP1P/R1BQK1NR b KQ - 2 12
18,00898,00898,rq2r3/p6p/1p5k/1pn1p1p1/2N1P3/P2P1P2/6K1/R1BR4 w - - 0 40
18,00899,00899,rnbqk2r/2pp2pp/pp5n/4pp2/1b3P2/2P4P/P2PPKP1/RNB1QBNR b kq - 0 7
18,00900,00900,rnr5/7p/2p2p2/1pQkpn2/P7/3q3P/RB2b3/1NKR4 b - - 0 35
18,00901,00901,rn3k1r/p3q2p/b2P4/b3n3/Pp2p1Pp/1Pp1BP1K/4B2R/R5N1 w - - 1 31
18,00902,00902,4bk1r/r3n1p1/ppn1p3/1P3p1p/3Q1P1P/6P1/8/1N2KBNR w - - 1 40
18,00903,00903,2b1qb1Q/n4r1r/1p1k3n/pPp1pp2/PRP1P1p1/3P1P1B/3N1B1P/3K1R2 b - - 4 35
18,00904,00904,r1b3rq/ppnp2k1/q1N1p2p/5pPR/2P5/P3b3/3PP1PB/4KB2 b - - 4 33
18,00905,00905,r1bq3r/p1ppkP1p/1p2p2b/3n3Q/P1P5/1P2n1P1/R2P1P2/1NB1K1NR w K - 0 14
18,00906,00906,r1b2bn1/p2k3r/np5p/P3Ppp1/2qP3P/6K1/2PPB1P1/2BQ3R w - - 7 25
18,00907,00907,rnq2b1r/pppkpp1p/4bn1B/1P4p1/2pP4/1N3PP1/P3P2P/R2QKBNR w KQ - 0 11
18,00908,00908,2bqkbnr/rp1pp3/6p1/pp3p2/5P1p/2P2N1P/nB1PPKP1/R2Q1B1R w k - 0 13
18,00909,00909,5knr/r1q1b1p1/p1pp1pbp/1p1Qp3/1P4P1/P2PP2P/R3PR2/1N1K1BN1 w - - 3 23
18,00910,00910,1n1B3r/4n1b1/2pNk3/1P1pP1pp/1P2p2Q/r2P1B2/R1P1K1PP/6NR b - - 3 30
18,00911,00911,rn1qkr2/7p/7n/p1ppP3/P1P3bb/2QB4/1P2P2R/R5NK b q - 9 40
18,00912,00912,2b3q1/r1pp1p1r/pP1k2p1/4bn1p/P2Pp2P/1N5R/QPn1P1BB/3R2K1 b - - 4 32
18,00913,00913,rn1k1br1/1p2pb1p/2pp2Rn/2PN1p2/pP1P4/P2QPP2/3R2P1/4KBN1 b - - 2 24
18,00914,00914,rnbkq2r/ppp2p2/3ppnpp/8/4PNP1/2b1KP2/PPPP3P/R1BQ1BNR w - - 2 12
18,00915,00915,r1bqkbnr/pppppppp/8/8/1n6/2N5/PPPPPPPP/1RBQKBNR w Kkq - 4 3
18,00916,00916,r1bqkbnr/pppp1p1p/2n5/4P3/4P1p1/5Q2/PPP2PPP/RNBK1BNR b kq - 1 5
18,00917,00917,1nb1nbr1/rp1kpp1p/p5p1/2pp4/2PP3P/1q2PPPR/P2B1KB1/RN2Q1N1 w - - 1 19
18,00918,00918,r1b3n1/ppk2pbr/n3p3/2P4p/3Ppp1P/1P3B1Q/PB5P/2KR2NR w - - 2 18
18,00919,00919,5br1/2k1nppN/3r3p/1ppPq3/1p1n4/P3Q3/R1P2P1P/2B1KB1R w K - 1 24
18,00920,00920,1n1q2nr/r1pk2pp/pp3p2/3p4/Pb1P1PbP/1P2P3/3B2PR/RN1QKBN1 b Q - 2 13
18,00921,00921,r1q1kbnr/p3p1p1/nppp3p/3P1bp1/N7/P4P1B/1PPKP2P/R1BQ3R w kq - 2 14
18,00922,00922,r1bqk2r/pppp1p1p/4p2n/4n3/7B/b2P1NP1/PPPNPP1P/R2QKB1R w KQkq - 5 7
18,00923,00923,1r6/1b1pk3/1pp3pP/4p2p/2N4P/2PRP1bB/P7/6NK b - - 4 35
18,00924,00924,3k1br1/r1p2Q2/8/ppPp4/P6p/3bP3/3N1KBP/1RB2R2 b - - 3 40
18,00925,00925,2bqkb2/p3p1p1/1rpp2p1/1pP4r/1P2PP1n/8/P1P5/RRB1K1N1 b - - 3 20
18,00926,00926,rnbqkbnr/p1pp1ppp/8/1p2p3/8/4P2N/PPPP1PPP/RNBQKB1R w KQkq - 0 3
18,00927,00927,rnb1kbr1/pp2pp1p/6pn/q1pp4/1P3P2/P1P4P/3PP1PN/RNBQKB1R w KQq - 0 8
18,00928,00928,rnb1kb1r/pp2q1pp/5p2/P2pp3/2p1nNP1/2RPP3/1PP2P1P/1NBQKB1R w Kkq - 0 10
18,00929,00929,8/rp3p1k/n4nRr/2pbP2p/N2p3q/1PPp1P2/P3N1P1/R1BK1B2 w - - 3 29
18,00930,00930,1rb1kbn1/1p2p3/pnq2pp1/1NPpP2r/2BB4/1P5P/P1P1KPP1/R3N2R b - - 3 17
18,00931,00931,rn2k3/1b1r3p/2pbp2n/pP3qP1/6Rp/2Bp4/1P2PP2/R1N1KBN1 b Q - 1 30
18,00932,00932,r1b1kb1r/pp1ppp1p/n6n/5qp1/PPpPP2P/2N2P1R/2P3P1/1RBQKBN1 b kq - 3 9
18,00933,00933,1rb1kb1r/3p4/pp2p3/6pp/PPPn1pn1/4BPP1/2N1P1BP/R2Q1KNR w - - 0 22
18,00934,00934,r1b2k2/5p1r/nNpp2pp/P1b1P3/P1P3qP/7R/4P3/RQ2KBN1 b - - 1 28
18,00935,00935,8/4kp1p/rp1Rp3/pq3b2/3Pr2p/1P1QPP2/2nB1KP1/5BN1 b - - 1 31
18,00936,00936,1n1n1k1r/3B3p/p1r3p1/1Pp1p1N1/2p1b3/N1P2P2/3P3P/R1B1KR2 w - - 1 34
18,00937,00937,1nb2b1r/r1p2ppp/q1k5/1p1pP3/p4Pn1/1PPBP3/P6P/RNBQK1NR b - - 5 16
18,00938,00938,r1bqkbnr/pppppp2/n6p/6p1/6P1/P4P1P/1PPPP3/RNBQKBNR b KQkq - 0 4
18,00939,00939,rnbq1bnr/1pppkp2/p1N4p/6P1/5P2/8/PPPPP1P1/RNBQKB1R b KQ - 1 7
18,00940,00940,rnb1kb1r/3p1ppp/2Pn4/pp2p3/q7/1PB2P2/P1PKP1P1/RN1Q1BNR w kq - 2 10
18,00941,00941,2b1kbnr/3rpp2/1p1B3p/1NPp4/4QP1p/P3PK2/2P1N1P1/R1n4R w k - 1 29
18,00942,00942,r3kb1r/n2b2pp/q6n/ppp1N1BP/5P2/PQ1N4/3PP1PR/3RKB2 b q - 0 24
18,00943,00943,r1b2q1k/p2Q2r1/n5P1/1ppn1p2/1PP1pP1P/P2P1N2/4PR2/RNB1KB2 w - - 1 32
18,00944,00944,2b1kb2/3n1rpr/2ppp2p/1p1P4/1p3Pp1/8/P2QP1KP/RNB2BNR w - - 0 24
18,00945,00945,1n2k1nr/rb1p4/2pBPpq1/p1P4p/8/q1K1P1P1/2Q5/R4BNR w - - 2 29
18,00946,00946,r2k2n1/2n4r/p3p3/P1B2p1p/P1pP1PpP/4K3/4P1B1/R1N4R w - - 5 37
18,00947,00947,5br1/2nk1pp1/p3p3/2p1p2p/PrPP2nB/2R2q1b/R2NB2P/3K4 b - - 1 31
18,00948,00948,2bq1b1r/1pk1p1pp/n7/r1pp1Q2/pP2PP1P/N1PP2P1/P4n2/2R1KBNR w K - 5 17
18,00949,00949,5b2/nB1kp3/p7/7p/2Ppn3/Pp2q2P/1PN1Qr2/R2K1R2 b - - 0 31
18,00950,00950,r1b4r/p4k1p/6n1/P2pPpp1/P1p3PP/4P2N/2PB4/1K1R3R w - d6 0 31
18,00951,00951,3qk1R1/2r1bN2/p2pQ3/1ppP3p/bnP2pP1/P7/R4P1P/7K b - - 3 33
18,00952,00952,1n2k1nr/6bp/1p1p1pp1/2p1pq2/3P1PPN/P1p4P/BB2P3/RN4KR w - - 2 22
18,00953,00953,rn2kbr1/2pp1p2/p1b3p1/1Pn1p2q/5PPP/1P3N2/2KPP3/RNB2B1R w q - 4 21
18,00954,00954,1nbqkb1r/rppppppp/p6n/8/5PP1/P1P5/1P1PP2P/RNBQKBNR b KQk - 0 4
18,00955,00955,rnbq3r/p2kppbp/1pp4N/3p2p1/P1P3n1/N2P4/1P2PPPP/R1BQKBR1 b Q - 2 9
18,00956,00956,rnk1q1n1/2p1b3/5p1r/Np1Pp2p/P5b1/3P2pP/P1PKR3/RQB5 w - - 0 26
18,00957,00957,1Qb1k1r1/r3n1b1/p1pp2p1/3Npp1p/1P2P3/P2P4/R1PKNPq1/2B2B1R w - - 2 21
18,00958,00958,rnb1qb1r/pkppQ3/4P3/1p5p/5P2/1PP5/PB1P2PP/RN2KBNR w KQ - 0 12
18,00959,00959,1nbqkb1r/rp1pp2p/2p2p2/pQ3np1/2P5/N2P1P1N/PP2P1PR/R1B1KB2 w k - 1 14
18,00960,00960,rnb1kbnr/pppqppp1/7p/3p4/P1P5/5N2/1P1PPPPP/RNBQKB1R w KQkq - 1 4
18,00961,00961,r7/p1k1qpp1/8/pb1pb3/1pPBPPPr/N5n1/1K1P4/R2Q1R1B w - - 0 37
18,00962,00962,rn3bnr/p2bp1pp/3q1k2/3Q1p2/P1p2P2/R3P2P/1P1PN1PR/1NB2K2 w - - 5 20
18,00963,00963,1rbq2r1/1p1pnN2/2pbkp1p/p7/PnPB2pP/3P2P1/4PPR1/RN1QKB2 b Q - 1 21
18,00964,00964,rnb2Bn1/p4p2/Q1pkp2r/1p1P2pp/3K2P1/2P2P2/PPP4P/RN3BNR b - - 0 17
18,00965,00965,r1bqkbnr/pp2pppp/3p4/2p5/1n4P1/2N2N2/PPPPPP1P/R1BQKB1R w KQkq - 0 5
18,00966,00966,r1bqk3/1pppbppr/p6p/7n/2P1p3/P4BPP/3PPK1n/R3Q1NR w - - 1 21
18,00967,00967,1n6/1r2k1p1/2p4n/p2pp1rp/1b2b2P/4R1p1/RP4P1/1NKQ4 w - - 2 41
18,00968,00968,rnbqkbr1/2pp3p/4pp1n/p5p1/1pN3PP/1P1P1P1R/P1P1P3/R1BQKBN1 b Qq - 1 9
18,00969,00969,1k1q2Rr/4p3/pr5p/4b3/p1PpbP2/1n5K/1R2N1P1/5B2 w - - 3 41
18,00970,00970,1r6/1PN1kpbB/b7/P2P2pp/n1Pq2nP/6PR/2KN1P2/1R6 b - - 8 40
18,00971,00971,r1Qq4/N3k2r/2p1pp1b/3p2p1/1P1n2R1/1NK5/4B2P/R1B5 b - - 0 36
18,00972,00972,2b2Nn1/rp2k3/4ppp1/1pp5/P1n2PPp/2N4P/1P1bK3/R4BR1 w - - 1 37
18,00973,00973,1nb2k2/3p1p1r/rRpb3p/1PBP2pn/2P2P1P/3P3N/6P1/3QKB1R w - - 15 29
18,00974,00974,2b1k2r/b1pp3p/r1n1p3/pp2N1pn/R1PP1P1P/1P2P3/3NK1P1/2B2B1R w k - 1 19
18,00975,00975,2bk4/1p1p3r/2p2q2/n3r1Pp/3P3P/P1P1Q1B1/1p1KP3/RN3qN1 b - - 1 33
18,00976,00976,rnbqkb1r/p1p1pp1p/3p1n2/1p4p1/8/2P1P3/PP1P1PPP/RNBQKBNR b KQkq - 0 5
18,00977,00977,rnb1r3/4kn2/2p1ppp1/pp1p2pP/1qPP1PP1/b4R1B/P2BP2K/2RQ4 w - - 8 27
18,00978,00978,r2kn1r1/1p3p2/3p3b/5P2/p2K1PBP/PP4p1/q2P4/R1B3R1 b - - 1 31
18,00979,00979,rnN2bn1/2pp1k1r/p7/1p4p1/1P1q1p1P/B2p1PP1/P1P1N3/2R1K2R w - - 7 34
18,00980,00980,bn4nr/r2p2k1/4Bp1p/Pp1PpQpP/8/q3BP2/P1PP2P1/1R3KNR w - - 7 28
18,00981,00981,2rb2nr/p3pk1p/n1p5/4PPp1/1P1P1PBP/P3K3/b1P5/1RB4R b - - 0 28
18,00982,00982,rnbqk1nr/1ppp1p1p/8/p3p1p1/Q5P1/b1P4N/PP1PPP1P/RNB1KB1R w KQkq - 0 5
18,00983,00983,2b2N1r/2k1n1p1/r1p5/1p1p4/Pn1P1p1P/2P5/1P2KPPb/RNB1R3 w - - 4 28
18,00984,00984,5bn1/4pbpr/1r2k2p/QpP2pPP/4p3/N6N/PPPB4/R4KR1 w - - 1 31
18,00985,00985,rR3b2/p2nqp2/n1p1k2r/2R1p1P1/1PP1ppbp/B1N4B/3PQP1P/4K2R w - - 1 26
18,00986,00986,1n3qnk/r4b1r/5p2/p1pP2pp/P1p1P3/1P3Nb1/N1PBQKPP/1R5R w - - 5 30
18,00987,00987,2k1r3/1pr1b1p1/B1ppp1pn/p6b/P2PP2p/1P2KPPP/8/2RQ1R2 b - - 0 30
18,00988,00988,3qk1n1/3brp2/2pp1b1p/B1p2P2/P2RP1r1/N7/4BN2/3QK3 b - - 5 32
18,00989,00989,r2Bk1nr/2p5/bp2p2p/p7/4p2P/b2BK1P1/P1N5/R1Q1n3 w kq - 0 25
18,00990,00990,1nrqk1nr/p1p1p1b1/1p1p1p2/N5pp/bP5P/3PP1PR/2P5/1RBQKBN1 b k - 1 18
18,00991,00991,rnk3r1/2pp2p1/P3p2n/p2q3p/1PP2p2/B3P1PN/1bK2PBP/R2Q3R w - - 4 21
18,00992,00992,r1bk3r/p3b2p/3ppq2/1pP2P2/5pPp/3K1n2/P1PR4/RN2QB2 b - - 0 23
18,00993,00993,2r2bn1/1qp1pk2/p1Pp4/P4r1p/n7/1P2PQ1p/1B5P/Rb1R3K w - - 2 38
18,00994,00994,r1bqkb1r/ppppp2p/8/n4pp1/2B3n1/1PPPP3/P2NKPPP/R1BQ2NR b kq - 2 7
18,00995,00995,rnbk1b1r/pp2n1p1/4pp2/PN4Pp/2pp1P1P/RPBQ3B/2P1P3/4K1NR b K - 1 14
18,00996,00996,1rbqkb1r/ppp1p1p1/3p3p/8/Nn1PnPP1/7P/P1PQ1P2/R1B1KBNR b KQk - 0 11
18,00997,00997,rn2kbr1/1p5p/3p2Pn/2p1N3/5p1P/B1N4Q/R1pPPK1P/7R b - - 0 26
18,00998,00998,4kb2/ppr1pp2/2pn2r1/P1qp1PpP/8/RP1P1P1N/B1P4P/1N1QK1BR w - - 1 22
18,00999,00999,r1b5/5k1p/1p2r3/1pB3P1/3qpp2/PPPP3P/4B2R/R3NK2 b - - 0 30
18,01000,01000,4kr2/3p3p/1r3q1b/1P1nP3/p2N1ppP/4BN2/P4K2/RQ5R b - - 1 35
18,01001,01001,2r2b1B/3qk3/1p2b2p/p4p2/P1p1PP1N/R5K1/3P2PP/1R6 b - - 3 33
18,01002,01002,rn1q3r/2pbp1bp/1k1p3n/pp2Npp1/1PPP3P/PQ2P1P1/1B3P2/RN2KB1R b Q - 1 16
18,01003,01003,r1b1kb1r/pp1pnp1p/1Qn5/2p1p1p1/P1P5/2N1PN2/1P1P2qP/R1B1KB1R w KQkq - 2 12
18,01004,01004,q3kb1r/1p2p1pp/r3Pp2/1Np5/P4Pn1/1P6/4R3/RBB1nKN1 b - - 0 30
18,01005,01005,1r2kr2/p3p2R/b7/3p2p1/1bP2PP1/1P3qKN/8/8 w - - 3 35
18,01006,01006,4r2r/1pp2p2/3p2BR/P2nk3/bP3pq1/6P1/2K5/R1B5 w - - 5 40
18,01007,01007,1Qbqk2r/p1pnb2p/2np1pp1/2P1p3/3P1P2/P3P1P1/1PK4P/RNB2BNR w - - 0 15
18,01008,01008,rn1k1bnr/p1q5/2ppp1p1/2P1p2p/bP3N2/BQ1PP1P1/P4P1P/R3KB1R b KQ - 0 16
18,01009,01009,rr6/1p2kp2/2pR3n/1N1Bp1pp/pPp3b1/P1P4N/R3P2P/3QK1B1 w - - 4 27
18,01010,01010,3q1bnr/pB3k2/2Q2pp1/1p2p3/7p/P2P3b/RPPB3P/1N2K3 b - - 0 24
18,01011,01011,rn1qkB1r/7p/4pp2/pppp2p1/1P1PBP2/2N3Pb/P1PKP2P/R2Q2NR w - - 3 13
18,01012,01012,rnb1kb1r/1pq1pp1p/p1pp4/4P3/5p1P/1P1P1Nn1/P1P3P1/RNBQKB1R w KQkq - 0 10
18,01013,01013,rnb1k1r1/p1q2ppp/Q3p3/1ppp1n1P/PP2P3/1B5N/1BPP1PP1/RN2K2R w KQ - 0 18
18,01014,01014,4kb2/r2q1npr/1Pp1pp1n/1b1Q3p/1p2PPPP/2NPK1N1/PB2B2R/7R b - - 0 30
18,01015,01015,1rbqkb1r/pppppppp/2n4n/8/3P4/2P5/PPQ1PPPP/RNB1KBNR w KQk - 1 4
18,01016,01016,2b5/2p2kp1/3pr3/1pnBppP1/p5r1/2P1P2N/n4KPP/1N4RR b - - 1 30
18,01017,01017,1r1k3r/1b1n1qpB/2p2n1p/1p1pN3/PbQP1p1P/4PP2/1P3KP1/RNB4R b - - 12 27
18,01018,01018,r2qkbnr/2p1pp1p/ppn5/3p2p1/1PQP2b1/2P5/P3PPPP/RNB1KBNR w KQkq - 2 7
18,01019,01019,rnb1kbnr/ppqpppp1/7p/6P1/2p2P2/3P4/PPP1P2P/RNBQKBNR w KQkq - 1 5
18,01020,01020,rnb2b2/3k3r/1p1qpPp1/pPpp1p1p/1BP2P2/3PP2B/P3NK1P/RN1Q3R b - - 1 22
18,01021,01021,rn1q1bnr/p4k2/pN1p3p/P1p1pP2/2P2B1P/3P1bPR/1P3P2/5K2 w - - 1 28
18,01022,01022,r1q1kbnr/N1p2p2/b1n4p/1P1pp1p1/2PP4/8/P3PPPP/R1BQKBNR b KQkq - 0 10
18,01023,01023,rnbkr3/1pqp3p/p1p2pP1/PP6/3P2P1/b7/2P1PPBB/RN1QK1R1 b Q - 4 20
18,01024,01024,2r1kbbr/p1q3p1/1np5/3P3p/1Q2pPpP/P5R1/2NBB3/RK4N1 w - - 5 34
18,01025,01025,rn1qkb1r/p1pb1p1p/3p2pn/1Q2p3/P1p4P/6P1/1PNPPP2/R1B1KBNR b KQkq - 1 9
18,01026,01026,rnqkb1r1/5p1p/pp1pp3/4P1p1/PP1P3n/2N1bPP1/3QK1B1/R3B1NR w - - 5 23
18,01027,01027,r1Nk1b1r/5q1B/p5n1/P1pn1p2/2PPP3/1P1Q2pP/4N3/R1B1K3 b - - 0 36
18,01028,01028,rn1qk2r/3p2p1/5p1n/pp2p1Bp/Nb1pPPPP/1b4RN/P1P1K3/R1Q5 b - - 4 31
18,01029,01029,2b3nr/n1kpb1pp/rq6/ppp1Np2/2P1P1QP/1B1P4/PP1N1PP1/R1B2K1R b - - 4 17
18,01030,01030,1nB3nr/7p/2r1b1kb/3P1p1R/pQP1p1P1/P4P2/3P1K2/R1B3N1 b - - 9 40
18,01031,01031,r1bqkbnr/pppppp1p/2n3p1/8/6PP/P7/1PPPPP2/RNBQKBNR b KQkq - 0 3
18,01032,01032,r2k3r/6bp/1ppp2Qn/P1nPpb1P/P1P1P2B/N6R/K5p1/1Rq2BN1 b - - 8 35
18,01033,01033,5k2/p5rr/B3p2n/2p5/2PP1NP1/8/P2KP3/RNB5 w - - 6 34
18,01034,01034,rn1k1br1/1ppb1ppp/p4n1B/2qpp3/2QP2P1/8/1PP1PP1P/RN2KBNR b K - 2 14
18,01035,01035,rn1qk1nr/1ppbpp1p/3p2p1/p2N2b1/1P4PP/P4N2/2PPPP2/R1BQKB1R b KQkq - 0 9
18,01036,01036,r3k1n1/1p2p3/n2pb1rp/p5p1/PB1Pq1p1/1pQ1P2N/1R6/4K2B w q - 6 28
18,01037,01037,rnb2br1/1p2ppp1/3k4/qPpp1P1p/p2P1K1P/P1N1P2N/2PB1n2/R1Q2B1R b - - 0 19
18,01038,01038,rnb2k1r/p1pp2pp/1p1b2n1/4ppP1/1P1N2R1/P1Pq3P/3PPP2/R1BQKB2 w Q - 1 14
18,01039,01039,r1bqkbnr/p1p2p1p/2n1p3/1p1p4/2NP1pP1/2K1P2P/PPP2P2/R1BQ1B1R b kq - 0 11
18,01040,01040,r1bqkbnr/1ppp2pp/P3pp2/p7/6P1/8/P1PPPP1P/RNBQKBNR w KQkq - 0 5
18,01041,01041,2q1r3/RN1bb3/1p2k1pp/2r2pQP/3PPp2/3PB1P1/7R/5KN1 b - - 1 37
18,01042,01042,2r1k3/4Bp2/q2pp3/2pPn3/1pP2b1Q/NP3PP1/5K1P/5bR1 w - - 2 30
18,01043,01043,r4b1r/p3kpnp/2p4p/3B4/2pp2P1/1P1P3R/1n3P2/qNB1K3 w - - 4 26
18,01044,01044,3k3r/2p1N2p/b1nq1p1b/p2r2p1/pPpPP1PP/P1B5/1R2K3/5BNR b - - 0 28
18,01045,01045,r1b1kb1r/pp2p1pp/2p2p1B/q2pP3/P3n3/NQPP1K2/1P2B1PP/R5NR b - - 6 13
18,01046,01046,rnbqkbnr/1p1pp1pp/2p5/p4p2/8/2P1P3/PP1PBPPP/RNBQK1NR w KQkq - 0 4
18,01047,01047,r3kbnr/p1pbp1p1/n6p/1p1pPp2/1P1P4/N4P1q/P1P3PP/R1B1K1NR w KQkq f6 0 10
18,01048,01048,7r/r1p1n3/1q2bkpp/n1Bp3P/p1P1pPp1/4PN2/2BP2K1/7Q b - - 1 35
18,01049,01049,5bnr/r2k2p1/1p1pbpp1/2p3N1/pnqpP2P/6P1/PPBP1P1R/R1BK4 w - - 2 21
18,01050,01050,1n1k4/r2pbrp1/1p2p3/pNp1NP2/bPP4p/3p3P/3QB3/3R1KR1 b - - 7 31
18,01051,01051,r1b1kb1r/ppp1pn2/5np1/P4p1P/1P3P2/2p2N2/RB1NP2P/3QKB1R b Kkq - 2 13
18,01052,01052,4k1r1/p6p/P1rp3q/1pp1p1Pb/P7/2PQ1P2/R2b2KP/1NR5 w - - 1 41
18,01053,01053,r1b1kbnr/p1pp1p2/2n1q3/4p1pp/P1p1PPPP/1P6/2QP2B1/RNB1K1NR b KQkq - 0 9
18,01054,01054,rnbqkbnr/p1p1pp2/1p1p2p1/7p/P7/1P5P/1BPPPPPR/RN1QKBN1 b Qkq - 0 5
18,01055,01055,1r2kbnr/1bp2p2/p1n2Q1p/1p1Np1p1/1qPpP3/P6N/2RP1PPP/2B1KB1R b Kk - 5 19
18,01056,01056,1n3b1r/4n1p1/2p2kq1/1B1Pp3/pP3N1P/P4Pp1/R2P1Q1R/2B3K1 b - - 0 28
18,01057,01057,r1bqkbnr/p3pp2/1pp5/4n1pp/P1Pp2PP/3PPP2/1P5R/RNBQKBN1 b Qkq - 0 9
18,01058,01058,3r2k1/p3p3/1pp2Ppb/2nn3p/2b1PP2/6qR/PN1KB3/R1B5 w - - 0 40
18,01059,01059,rn1qkbnr/p1pppppp/b7/1p6/7P/6P1/PPPPPP2/RNBQKBNR w KQkq - 1 4
18,01060,01060,2nnk2r/Q2p4/b3p3/5p1p/q4PPP/1p1PB2R/P3N3/bN1K1B2 b k - 3 29
18,01061,01061,1rb2knr/np1q4/3bpPp1/pNppN2p/P7/1QPPK3/1P2P1PP/R1B2B1R w - - 1 19
18,01062,01062,1n3r2/rb1p1p1p/1qpb1k2/1p3P2/1P1pP1P1/4BRN1/5R1p/1N2KB1Q w - - 0 31
18,01063,01063,q4b1r/rb2ppn1/1pp1k3/p2p4/PnB1PppP/1PP3N1/R2P2P1/1NB2K1R w - - 9 23
18,01064,01064,k5nr/3nb3/2p2qpp/p2p1P1N/3PP3/P2N4/3B2PP/1K3B1R b - - 2 29
18,01065,01065,rq4k1/1p3pp1/2p4p/pPr1p3/4P1PN/b6P/3PN1B1/R1BK3R w - - 4 31
18,01066,01066,r1b2knr/ppp4p/8/3qppN1/3P4/1PPK4/P1PB1PPP/R2Q2NR b - - 1 13
18,01067,01067,2b3k1/4b3/rp1Ppq1p/1R6/6rp/1P2P1P1/3P4/2BKQ1NR b - - 0 35
18,01068,01068,rnbq1k1r/pp1p1ppp/2pbp2n/4N1P1/8/2N5/PPPPPP1P/1RBQKBR1 b - - 2 8
18,01069,01069,6r1/p2n1pp1/Ppp2k2/7n/5P2/1NKP3P/P5P1/1N3B1R w - - 4 37
18,01070,01070,2b4r/1p1p1p1p/1qnk1P2/p1p3P1/P1P2Nn1/3P1K2/Qr1R4/5B2 b - - 4 38
18,01071,01071,rnbqkbnr/pppp1ppp/4p3/8/P5P1/8/1PPPPP1P/RNBQKBNR b KQkq - 0 2
18,01072,01072,rn2kbnr/1b1pppp1/8/pp2P2p/1P4PP/3p4/P1P1P3/RNBQKBNR w KQkq - 0 10
18,01073,01073,r5kN/1bn3b1/n1pp4/ppP1p1PP/PP1PP1q1/2N2P2/R1B5/2BQ1K1R w - - 3 29
18,01074,01074,1rbk2nr/ppN3bp/B3pq2/1PQpPp2/6p1/2PP1PP1/R2N3P/2BK3R w - - 0 23
18,01075,01075,rq3k1r/p2pp1b1/2p2p1n/2n3pp/1pNPP1b1/PPPQ1PP1/1B3K1P/2R2BNR b - - 0 20
18,01076,01076,r3q3/2pn1k1p/p1n1pPrb/PN6/2PPP2P/8/2Q1b1BN/R1B1K2R b Q - 1 29
18,01077,01077,rnbqkbn1/pppp1pp1/4p3/1r5p/4P1P1/2NP3P/P1PB1P2/R2QKBNR w KQq - 0 7
18,01078,01078,rn1b3r/1qp2n1p/3pkpp1/p4p2/1R1P1P1P/1PP1P1B1/6PR/1N2KBN1 w - - 1 29
18,01079,01079,r1bqk3/p1ppn1br/n2Q2Pp/6B1/1p2p3/P2P4/1PP1KPPP/RN3BNR b q - 7 13
18,01080,01080,B4Brn/2r4k/pQ6/P1p2P1p/R1p4R/4P3/3PK3/1N4N1 b - - 0 39
18,01081,01081,7r/p4B1r/n2k2pn/1pp3Bp/1b1PPPPP/1P6/P1P3N1/R2K2R1 b - - 0 24
18,01082,01082,rnbq1Qnr/3pb1pp/3kp3/ppp5/3P1P2/2N1B2N/PPPKP1PP/R4BR1 b - - 2 10
18,01083,01083,N1r2knr/2pqp3/5ppb/p1PP3p/P5PP/RP3P2/3PKQb1/2B3NR b - - 1 26
18,01084,01084,rn1qkbnr/p1pbpppp/3p4/1p6/8/N3P1Q1/PPPPNPPP/R1B1KB1R b KQkq - 7 6
18,01085,01085,r1bqkb1r/p1p2ppp/Qp1p4/n7/2PP1pn1/6P1/PP2P1BP/RNB2KNR b - - 2 11
18,01086,01086,1nb1k2r/3pb3/p4n1p/1p3pQ1/P4pP1/R1r4P/1qP1P3/2BK1BNR w - - 5 25
18,01087,01087,1r2qb2/2p2k2/4bpnp/1p1P3p/1p1P1P2/P5RP/R1n5/1NBK4 b - - 0 26
18,01088,01088,3n4/rq3k1p/5b2/2PP1br1/3B1p2/P4PP1/1P1NK2P/R4BNR w - - 2 25
18,01089,01089,2r2bnr/1bknpp1p/q5p1/p1ppP3/Q7/2N3PP/1PPPBP2/R1BK2NR w - - 3 17
18,01090,01090,r1b1kr2/p2pbppp/7n/1p2p2P/4q3/1PPPN3/3NKPP1/2RQ1B1R w q - 4 23
18,01091,01091,3rkr2/7p/bpn1q1PP/p1Pppp2/P2QP3/B3K2P/8/1N6 w - - 1 33
18,01092,01092,4k1r1/2rq3p/4p1pn/nPPp1pb1/pQb2PPP/PR1P3K/1B2P3/1N3BNR w - - 2 33
18,01093,01093,r3r3/p4pk1/3p3p/PNp1P1q1/Qn4b1/3P4/3bBR2/B1R2K2 b - - 5 36
18,01094,01094,rnbqkb1r/pppppppp/7n/8/6P1/7B/PPPPPP1P/RNBQK1NR b KQkq - 2 2
18,01095,01095,rnbq1b1r/1p3kp1/p1pp2n1/5pBp/7P/PN1pP3/RPP2PP1/3QKB1R w K - 0 12
18,01096,01096,4k1nr/r1p4p/p1n1bp1b/1pP1p1Pq/1P1PpPP1/P1N3Q1/3B4/R3KBNR w KQk - 1 19
18,01097,01097,rn2kb1r/p2p1p1p/b6n/1pp3p1/1PB1pPP1/7P/PBPqQ2R/RN3KN1 b kq - 1 15
18,01098,01098,r1bqkbr1/p1pp1p2/np6/4pp1p/4P3/1P1P3B/P1P1NP1P/RNBQK2R w KQq - 0 9
18,01099,01099,rnqk1b1r/p1pbp1pp/5p1n/1P1p4/1P1PP3/PQ5P/5PP1/RNB1KBNR b KQ - 0 10
18,01100,01100,rnb1kbnr/1p1q2B1/p1ppPp2/P6p/2P2P2/8/1P2P1PP/RN1QKBNR b KQkq - 0 9
18,01101,01101,4k1nr/3pb1p1/1p3p2/2r1B2p/pp3P1P/2P1PNP1/nPbKN2R/4R3 w k - 4 33
18,01102,01102,5rnr/p2nk2p/bpp3p1/3pp3/BPP1PP2/q5N1/3B4/RN2K3 w - - 10 35
18,01103,01103,rn1qkbnr/ppp1pp2/3p4/6pp/6b1/1P3P1N/P1PPP1PP/RNBQKBR1 w Qkq - 2 5
18,01104,01104,r1bqk2r/1pp2n2/6Np/p2pp1p1/3PnB2/bP5P/1QP1PPP1/2R1KB1R b Kkq - 0 17
18,01105,01105,rn1qkbnr/pbp2p1p/3pp3/Pp4p1/4PP2/2N5/1PPP1KPP/R1BQ1BNR w kq - 2 7
18,01106,01106,rq4r1/p1p3pp/b4kn1/B1P2nb1/4p3/3P3P/PN2P3/1R2KBN1 w - - 0 32
18,01107,01107,rnb2b1r/2pkpqpp/1p1p3n/p4p1B/2PPP3/P6Q/NP3PPP/R1B1K1NR w KQ - 1 11
18,01108,01108,rnbqk2r/ppp2ppp/3pp2n/2b5/PPP3P1/2N5/3PPP1P/R1BQKBNR b KQkq - 0 5
18,01109,01109,rn2k2r/p1p2pb1/1p5p/3ppP2/1PbPP1nq/B1Q3P1/P1P1B2P/RN2K1R1 b Qq - 0 19
18,01110,01110,6r1/q2kb1pp/rp1pp2n/1N1P1P1P/pPP5/P5QN/2PK2PB/4RB1R w - - 1 27
18,01111,01111,r2k1bn1/p4r2/1ppp1qp1/2n1p2p/3P3P/PBN2NBR/1PP1PP2/R2QK3 b Q - 6 23
18,01112,01112,rnbqkb1r/pppppppp/5n2/8/8/7P/PPPPPPP1/RNBQKBNR w KQkq - 1 2
18,01113,01113,r6r/pp1q1p2/n1p2kbB/3p4/P3P2P/1PKPb3/R1P3P1/1N2QB1R w - - 0 21
18,01114,01114,4k2r/1br1n1bp/Pppqppn1/5P2/P3p2P/5N2/1BPPK1B1/1R2Q1R1 b - - 1 25
18,01115,01115,r3k2r/ppp2pbp/n1P1p2n/5b2/4p3/P1Bq1P1P/1P2Q1P1/RN2KBNR b KQq - 2 15
18,01116,01116,1Br3r1/1q2k1b1/p5Q1/5pN1/1p2P2p/P6b/4n1PP/R3K2R w - - 0 35
18,01117,01117,rnbqkbn1/4p1p1/2pp3r/pp3p1p/5P2/P1P2NP1/1P1PP2P/RNBQKB1R w KQq - 2 10
18,01118,01118,rnbq1bnr/2ppkppp/1p6/p3p3/PP6/4P3/2PPBPPP/RNBQK1NR w KQ - 2 5
18,01119,01119,2bk3r/3n3p/1qBp4/1p2n1r1/Pp1PP3/b1PQ4/4KP1B/5RNR w - - 4 40
18,01120,01120,3k1br1/1b3r2/p2n4/2ppp1pp/nP1P1Pp1/3KNN1P/2P1P3/R4BBR w - - 2 37
18,01121,01121,1r1nk2r/2pb1p2/pp2pqpp/1P1p3n/P1P4P/N2NPPP1/3PKQ1R/b1B2B2 w - - 3 21
18,01122,01122,r2q1b1r/N1p2kp1/3p4/4pPpn/1n2P3/B1P3p1/P1PP3P/R4BKR b - - 0 23
18,01123,01123,1r4nr/1b1k1q2/1np4p/3P3P/p4P2/2bPp1Pp/P1R5/RNB2K2 b - - 3 38
18,01124,01124,rnb1kb1r/6pp/p1p2p2/4pP2/n2pN1P1/BPP5/q1pP3P/1R2KBNR b K - 1 22
18,01125,01125,1nb2r2/3pkn1p/1p2pp1P/2p5/r1P1Pp2/5K1R/PP4P1/R1BN1N2 w - - 1 33
18,01126,01126,r5nr/p1p1k2p/2P1p1p1/2b2pP1/3B3P/3P1B2/RPb1KP2/6NR b - - 1 27
18,01127,01127,3qkr2/1rpnpbb1/p6n/1p1p1P1p/1P1P2B1/N1P2QPP/P4P2/1RB1K1NR b K - 0 21
18,01128,01128,1r1k4/1npr2bp/2n2p2/ppN3p1/2Bp4/3p1NPP/PP3P1R/R1B1KQ2 b - - 15 33
18,01129,01129,rn2kb1r/pp1qpp1p/B2p1n2/2p5/1P2P1p1/5PQP/P1PP3P/RNB1K1NR b KQkq - 1 9
18,01130,01130,rnbqkb1r/2pp1ppp/4p2n/1p6/pPP4P/3PP2R/P4PP1/RNBQKBN1 b Qkq - 0 6
18,01131,01131,rnbqkbnr/ppp1pppp/3p4/8/4P3/8/PPPP1PPP/RNBQKBNR w KQkq - 0 2
18,01132,01132,rnb2b2/p3kp2/2pp1p1r/Pp4pp/1P1B2P1/5NnP/2PPqP2/1R2KB1R w - - 0 25
18,01133,01133,r2qkbn1/pbppp1pr/np5p/5p1P/8/NP2PP2/P1PP2P1/1RBQKBNR w Kq - 1 9
18,01134,01134,2bq2nr/pr2p1kp/2pp2Q1/1p1P3B/2N1P2B/P4pbP/1PPN1PP1/R2R2K1 b - - 0 24
18,01135,01135,r1bqkbnr/4pp2/1pp3N1/pP1p2Pp/P7/3P4/2PKPPP1/RNBQ1B1R b - - 1 15
18,01136,01136,rn1qkbnr/1pp1pppp/p2p4/5b2/8/N4N1P/PPPPPPP1/R1BQKB1R w KQkq - 2 4
18,01137,01137,4k3/3n3p/rp1p1r1n/6p1/Pp1qPpP1/1R6/R2PN2K/B7 b - - 4 39
18,01138,01138,1nb1kr2/r2pbn2/1Pp2qp1/p3PQ1p/5PP1/NPB1PB1N/P4K1P/R6R b - - 0 21
18,01139,01139,rn1qkb1r/2p3pp/1n1pp3/p4pP1/NPPPbP2/4P3/P2Q3P/R1BK2NR b - - 2 17
18,01140,01140,r1bk1b1r/p3n3/Bp1qp3/2pp1p1p/P2PP3/1PP2p2/RB1Q1NPP/1N2K2R b K - 0 17
18,01141,01141,1r2r3/3n1kb1/3Q1p1p/2ppp1pP/4P1P1/1B2BP2/PP1K4/RN4NR w - - 8 37
18,01142,01142,rnbk4/3p3r/1bp2ppQ/pp2PBNR/4KB2/NP6/2P5/R7 b - - 2 28
18,01143,01143,rk1q1b1r/p3pppp/3p3n/PppbP1N1/R1QPP1PP/8/1P3R2/1NB1KB2 w - - 1 23
18,01144,01144,r1q3k1/pb3nbp/2p3p1/1B1P2P1/P1N1P3/1n2r1N1/3PQK1P/R1B3R1 w - - 0 25
18,01145,01145,rn2kb1r/1pqbpn2/B1p3Q1/3p1p1p/5P2/P3P1P1/1PPPNK1P/RNB4R b kq - 0 13
18,01146,01146,1r1k1bn1/1Q2p1p1/1p2b2r/pN1p1pP1/2B1P2p/N6P/PPPP3R/R1B1n1K1 b - - 1 23
18,01147,01147,3k1bBr/r2pp2p/5p2/pb4p1/Pnp1q3/BPPPPP1N/3N1PKP/RR6 b - - 16 24
18,01148,01148,rnbqkbnr/pppp1ppp/8/4p3/8/2P5/PP1PPPPP/RNBQKBNR w KQkq - 0 2
18,01149,01149,rnb1k1r1/1Bppbppp/1p2pq2/4P3/2P3P1/P4P1P/RP1P4/1NBQKnNR b Kq - 0 13
18,01150,01150,r1bqk1nB/pp2p2r/8/2ppnp1p/5PpP/1PPPP1P1/P7/RN1QKBNR w - - 5 21
18,01151,01151,1qb3n1/1p2bppr/3p1k2/4pP2/Q2BP2p/3B1KP1/PPn4P/1R4NR b - - 1 34
18,01152,01152,r1bq3r/2pp2k1/p4p1p/Rp2ppP1/1n1PPN2/1PP4P/4Kb2/2BQ1BNR b - - 2 22
18,01153,01153,rn6/3pk1p1/3b2p1/pPp3P1/KPP2p1r/2NPn2P/R1B5/4Rb2 w - - 4 37
18,01154,01154,5br1/p1k2p2/2P2p2/3r1npp/P2p1PP1/7P/1B1P2B1/3nK1NR b - - 1 31
18,01155,01155,4k2r/r1p3p1/n7/PP2P1bp/6bP/2P2P2/qB2NR2/1R1NK3 b - - 1 26
18,01156,01156,1nb1kbr1/3p1pp1/rp5p/2P4n/1p2P1PR/4P3/2R1P3/2BK1BN1 b - - 0 26
18,01157,01157,2rqk3/p3pp2/1p2BnpQ/1bp5/n2pPN2/P4PPp/2P2R1P/R3K3 w Q - 0 28
18,01158,01158,2k2br1/rb1pnQ2/pRp5/1P3ppR/1n2p1P1/2P1P3/P1NP1PP1/2B1KBN1 w - - 0 31
18,01159,01159,r3qnn1/p1ppkN2/1p1r2p1/7p/P4b1P/N1Q1P2R/2P2K2/R1B2b2 w - - 4 27
18,01160,01160,1b2k2N/rn5p/p6n/2p2p2/p1P1q2P/P2P2PP/5KQ1/4RR2 w - - 0 37
18,01161,01161,r1bnk3/3p1rB1/6pn/3PNPN1/pp1p4/P6P/Q3PPB1/1R2bK1R b q - 0 29
18,01162,01162,1nb1k1nr/rpBp2p1/4p2p/p4pN1/5P2/1PPpP3/PQ4PP/RNK2B1R b k - 0 15
18,01163,01163,rnbqkbn1/ppp1p3/6p1/3p1p2/P1PP4/1P5r/2QBPP1P/RN2KBNn w q - 2 12
18,01164,01164,rnqk2n1/1p2pPb1/8/pP1p2Rr/b1pP2P1/2N1PP2/1BPKB3/1R1Q2N1 b - - 2 25
18,01165,01165,rnbqkbnr/ppppp1p1/8/5p1p/8/6P1/PPPPPPBP/RNBQK1NR w KQkq - 0 3
18,01166,01166,rnbqkbnr/2ppp1pp/pp3p2/1N4N1/8/8/PPPPPPPP/R1BQKB1R b KQkq - 1 4
18,01167,01167,r2k1bnr/pp3p2/n1p1bp2/3N2p1/1q1p3p/2PP2P1/PP1BPP1P/R2QKBR1 b Q - 2 13
18,01168,01168,rnbq1bnr/p2ppkpp/2p5/1p3p2/1P1P4/5P2/P1PNP1PP/R1BQKBNR w KQ - 0 5
18,01169,01169,rnb2bnr/1p1ppkpp/p4p2/2p5/8/1P1P1PPN/P1PBP1P1/RN1QKB1R b KQ - 0 7
18,01170,01170,5rnr/p3k2p/2p2ppP/1Qq1p1P1/P2pPB1R/1NPP3b/n3KP2/R4B2 b - - 4 30
18,01171,01171,2rq2kr/pp3p2/2pR3p/4N2P/3pP1b1/1P1P1QP1/P2B1P2/1R2K1NB b - - 0 30
18,01172,01172,Bn2k3/p7/bP1r1p1B/3pp1pn/2P1PPpP/2P5/3N4/1NK1Q1R1 b - - 1 33
18,01173,01173,rn5r/Np1k1p2/2p2n1p/1B1ppqp1/1b2PPP1/PP5P/R1PP3N/2BQK2R w K - 1 21
18,01174,01174,r6r/kpp2Npn/3b4/p1n2bPp/P1P5/3p1P2/1P1P2BP/RNBK2R1 b - - 0 22
18,01175,01175,r1b1kr2/pp2q3/2ppp3/1B1n1pp1/PP6/2N1PPbP/R1PP1RK1/2B1Q3 b - - 1 18
18,01176,01176,rn2kbnr/p1p1pp1p/2q1b3/1p4p1/Q2pP1PP/2P2R2/PP1PBP2/RNB1K1N1 w Qkq - 0 9
18,01177,01177,3qkbn1/rb1p4/1p2ppr1/p1p5/1nK1P1pP/2BP1Np1/2P1B3/RN5R b - - 1 23
18,01178,01178,2r2b1r/p1Nbk1p1/1q2pp2/7p/2Pn1P1P/4Q1P1/RP1PN1KR/2B5 w - - 1 29
18,01179,01179,1n1q1bnr/1ppkp1pp/r4p2/P2P1b2/5P2/P3P2N/1BQP2PP/R3K2R b KQ - 5 11
18,01180,01180,1rbk3r/pp3p1n/1Nppp3/6Pp/P1Pn4/3PPP1q/1P1K4/1RBQ1B1R b - - 0 26
18,01181,01181,qn3k1n/1rp1p2p/b2p1b2/P6P/3QN3/2pPBK2/P4Pr1/1R3B1R b - - 1 30
18,01182,01182,1r1qkb1r/pbp2ppp/7Q/Pp1Pp3/6P1/8/1BPP1PBP/RNn2KNR b k - 0 12
18,01183,01183,5b2/3b2rk/P3p2P/3p4/1P2P1rP/6pB/3P2K1/Q2N2R1 b - - 2 36
18,01184,01184,r7/1k1p4/7b/p6p/3P1PpP/n3N3/8/rbKRB3 w - - 0 39
18,01185,01185,1nbqk1nr/2ppp1b1/1P5p/p1PP1N2/5r1p/4B3/1P2PPP1/RN1QKB1R b KQk - 0 16
18,01186,01186,r3k3/2pb1p1r/3p3n/p6p/1pP1PBpP/bPN3P1/n1R1K1B1/6NR w - - 1 30
18,01187,01187,1n3b1r/4p3/bpp2k1n/3P4/6qp/3PBPPR/2NKB3/1r6 w - - 2 35
18,01188,01188,r2n2kr/p7/b5p1/q1bp1p1P/2P2Pp1/pP2P3/P2K1nP1/R1B5 w - - 1 32
18,01189,01189,rnb1qb1r/ppp1p2p/3p1kp1/3n1p1P/2P3P1/N4P2/PP1PPK2/R1BQ1BNR w - - 3 9
18,01190,01190,rq3b1r/p1p1p1pp/B1nk1pQ1/3p1n2/R4P2/1PP1P3/3PN1PP/2B1K2R b K - 0 17
18,01191,01191,rn2k1n1/1q1p3r/pp1bQppp/4p3/P6P/R2pPN2/1P1N1PP1/2B1KB1R b Kq - 2 18
18,01192,01192,2bqkb2/3pnp2/2p1nr2/pr5Q/1pN1Pp2/1P1P1N2/P1P1BKPP/3R1R2 b - - 1 19
18,01193,01193,r1bq1br1/p2pk1p1/1p1N3p/4n3/P2pp2P/1RP1P3/1P3P2/1NBKR3 w - - 0 21
18,01194,01194,rnk2b2/1b1pn3/1N2p3/p1p3p1/P2P4/1q3NPr/2P1PP2/R1BQKBR1 b Q - 0 20
18,01195,01195,2q1rbr1/B2kn3/2pp1p2/P2PpPpp/8/NPPQ1PP1/4RK1P/5b1R w - - 1 29
18,01196,01196,2rqb2r/p1p1k3/4n1pb/3p1pPp/2PP1P1P/N3P3/1P2K3/2B3R1 w - - 2 27
18,01197,01197,rnbqkbnr/ppppp1pp/5p2/8/8/1P6/P1PPPPPP/RNBQKBNR w KQkq - 0 2
18,01198,01198,1rbqk2r/p1p1pp1p/1pn2n2/3p2b1/P2P2pP/4QP2/1PP1P1P1/RNB1KBNR w KQk - 2 12
18,01199,01199,rnb2bn1/4pkp1/1p5r/pqpp1p1p/P1P1NP2/RP1P3P/3QPKPR/2B2BN1 b - - 4 14
18,01200,01200,r2kNbr1/3n1Q1p/n6P/2pbp1P1/pP2P2p/P1NP4/5P2/1RB1K2R b - - 0 35
18,01201,01201,rn2kn1r/2q2b2/p7/P1p2ppp/RpPppPP1/4B2P/1P2P3/2QK1N1R w q - 0 32
18,01202,01202,1rq4k/2p5/p3p1R1/1pp2p2/5P1n/3PB2P/Pb5Q/RN1BKN1b w Q - 2 35
18,01203,01203,rnb1kbnr/2q1pppp/3p4/pp6/N1Pp2P1/4P3/PP1Q1P1P/R1B1KBNR w KQkq - 1 8
18,01204,01204,2r5/2p4r/2bkp2n/1p1p2p1/pP2P1Pn/P2K2bB/2P2Q1P/1R4R1 w - - 2 36
18,01205,01205,rnb2knr/pp5p/2q1p1P1/2pp4/4N3/P3P3/RbPPQPBP/2B1K1NR w - - 1 15
18,01206,01206,r1q1k2r/pbppbp1p/1pn5/4p2n/1PP1PpP1/B6B/P2P3N/RN3QKR b q - 5 15
18,01207,01207,rnbqkb1r/p1p1pp1p/7n/1p1p2p1/2PPP3/1P6/P3KPPP/RNBQ1BNR b kq - 0 5
18,01208,01208,1n1k4/1b1qb3/1r1p3p/Pp1n2r1/4PPP1/2PK3N/P6P/3R1B1R w - - 2 28
18,01209,01209,3qkbnr/rpp1p1pp/3p4/1b3p2/p1N5/P2n1N1P/2PBPPPR/R1Q1KB2 w Qk - 0 14
18,01210,01210,r3k3/1pB1N1b1/B2p1p1r/4P1Bp/PP6/4Q2b/7P/R2K3n b - - 0 29
18,01211,01211,rn2k1r1/pbqp1pb1/Bp2pn1p/4P1p1/1Pp3P1/2P2Q1P/P2P1P2/R1B2KNR b q b3 0 13
18,01212,01212,4kbnr/p1q1p3/p2p1P1p/2p3p1/P4P2/B2P1N2/NrP1P1BP/1R1Q1K1R b k - 6 18
18,01213,01213,1rb1k1nr/pp3pbp/n1ppp3/q5BP/PP1P4/2P3PN/3QP1B1/RN1R2K1 b k - 3 15
18,01214,01214,rnb2rk1/1p2b3/2p2n1p/p1B5/2p1P3/1P2KPqN/P3P1BP/RN4R1 w - - 7 26
18,01215,01215,2kqn3/2rn3N/5Rpb/1P2p2P/1p2P1R1/3bN3/5P2/4KB2 b - - 0 40
18,01216,01216,1rbk2n1/1pq2p2/4r3/p2p1B1p/P2N2pb/5N2/4PBK1/3RQ2R b - - 3 32
18,01217,01217,rnbqkbnr/3pppp1/1p5p/p7/2p1P1PP/2P2P1R/PP1P2B1/RNBQK1N1 w Qkq - 0 8
18,01218,01218,r4k2/1qbp3n/2n4r/2P1PppP/ppb2P2/2P1P1RN/P3R1BP/4NQ1K b - - 1 36
18,01219,01219,r1b1k2r/ppb1nppp/5n2/PNPp1Q2/2PN2P1/4P3/3P3P/2B1KB1R b Kkq - 0 18
18,01220,01220,1q1k3r/p7/1ppn2p1/1P2p2p/2bbpp1P/2N2B1N/P2P1PKR/R6Q w - - 0 29
18,01221,01221,3rk3/4b3/pp1p1pP1/7r/2pn2Np/P1P5/1B1P1KP1/RN6 w - - 1 34
18,01222,01222,rnb1kbnr/ppqpp2p/2p2p2/6p1/3P1P1P/N7/PPP1P1P1/R1BQKBNR b KQkq - 0 5
18,01223,01223,r1b1kb1r/1ppn1ppp/4pn2/pq1p4/5PP1/N2PP2N/PPP2K1P/R1BQ1BR1 b kq - 0 8
18,01224,01224,1nb2bnr/1pqppkp1/r1p2p1p/5PP1/p7/N3P2N/PPPP3P/R1B1KQ1R b KQ - 4 11
18,01225,01225,1nbq1k1r/3p1pp1/r1pb3p/Pp1Pp2P/3QnPP1/P3B3/2P5/RN2KBNR w KQ b6 0 13
18,01226,01226,r1bqkbnr/p1pppppp/np6/8/4P3/5N2/PPPP1PPP/RNBQKB1R w KQkq - 0 3
18,01227,01227,8/2p1np1p/1pb1kb2/1r6/rpPqN3/3RP3/4NPP1/3K4 b - - 11 40
18,01228,01228,Q2k1b2/1p2Rp1p/3p1Pr1/2p5/3p1PP1/Pp3N2/2P4P/RnBK4 b - - 1 30
18,01229,01229,rnbqkbnr/1ppppppp/p7/8/8/1P6/P1PPPPPP/RNBQKBNR w KQkq - 0 2
18,01230,01230,rn3b1r/pp1bk1pp/3q4/3P1p2/1P3B2/P1NP2P1/R3PP1P/3QKBR1 b - - 4 18
18,01231,01231,rnb1k1nr/1pppqppp/8/p3p3/1b1P4/2P4P/PP2PPP1/RNBQKBNR b KQkq - 2 5
18,01232,01232,7k/2n1rp1p/5br1/pPp5/2P2p1R/8/P1QP4/1RBK1BNb w - - 0 33
18,01233,01233,1n2k1nr/3p4/Q2bp2p/p3PpB1/5PpP/1P4K1/2N3PR/2q5 w - - 2 40
18,01234,01234,1q1k3B/1P5p/r3b3/p4p1B/Pb1ppP1P/2RPn1P1/2n1PK2/Q5NR w - - 5 29
18,01235,01235,rn2k2r/2p1bp2/1p2Pnpp/4p3/p2Pp3/P1P2N1Q/RP2KPBP/1NB4R b - - 1 16
18,01236,01236,r1bq3r/p1ppk3/Qp1b1Np1/4pp1p/2P1PBn1/3P1N2/PP3PPP/R3KB1R b KQ - 0 13
18,01237,01237,rnbqkb1r/ppp2ppp/4pn2/3p4/1P3P2/8/PBPPP1PP/RN1QKBNR w KQkq - 1 4
18,01238,01238,r6r/p1Bkp3/1p2bbp1/P1P2pPp/1nPP3P/3BpN2/R3KP2/6R1 b - - 5 34
18,01239,01239,2bqB1kr/1pp1Q1np/7r/5p2/5B2/3PP1PP/P7/R3K1NR b KQ - 0 28
18,01240,01240,r2b3r/p4k1p/1p1pp3/nP4PP/P1Pp2n1/3Q4/R1P1PBP1/1N2KB1R b K - 4 20
18,01241,01241,r1bqkb1r/p1pppppp/np5n/8/1P1P4/6P1/P1PQPP1P/RNB1KBNR b KQkq - 1 4
18,01242,01242,rnbkr3/1p2nppp/2p2b1P/p1Pp4/P5RN/4P3/3P1KB1/1NBQ4 b - - 4 31
18,01243,01243,1nb1q1nr/2pkp3/3p1b1p/3P1pp1/4PQ2/r1PB3P/1P2KPPR/RN4N1 b - - 1 20
18,01244,01244,rnbqk1nr/p1p3pp/Pp1ppp2/R1b5/2P5/8/1P1PPPPP/1NBQKBNR w Kkq - 0 6
18,01245,01245,rn1q1bnr/2pkpppp/p7/1p1p4/6b1/N4P1P/PPPPP1B1/R1BQK1NR w KQ - 2 7
18,01246,01246,r1bqk1n1/p1p3b1/np3r2/3pppNp/3PP3/N1P3P1/PP1K1P1P/1RB1QB1R w q - 4 16
18,01247,01247,r1bqkb1r/ppp1pppp/n7/1N1p3n/P7/1PP5/3PPPPP/R1BQKBNR b KQkq - 0 5
18,01248,01248,1n3qkr/rb4bp/p3p3/P1pp2p1/RpPP1PnP/1PN2N1R/4P3/2B1KB2 w - - 6 29
18,01249,01249,1n2k1n1/r1p4r/p4ppQ/1p6/1P1Pb1PP/P1P3N1/RB6/4K1NR b - - 0 34
18,01250,01250,rn1qkbnr/p1ppp2p/b7/1p4p1/P2P1p2/RPN5/2P1PPPP/2BQKBNR w Kkq - 1 6
18,01251,01251,3rk1nr/p2p2b1/1p1Nq2p/2p1pp2/1QP2p1P/P1KPPbN1/1P6/R1B2B1R b k - 3 18
18,01252,01252,1nq2b2/2k3pr/Pppp2Q1/p4b1p/P1NP2PP/2KP1P2/6B1/2R3NR b - - 1 28
18,01253,01253,1nb1k1nr/r2ppN1p/pqQ3p1/P1p5/2pb4/N7/1P1PPPPP/R1BK1B1R w k - 7 13
18,01254,01254,1r5r/1pp1kb1p/p6n/2Rp1ppP/2PP1PN1/1P6/1b4B1/1N1K3R b - - 0 25
18,01255,01255,2b1kbn1/1rp1p2r/p4qp1/1p1N1p1p/1B6/1PPP1PP1/P3PN1P/1R1QKB1R w K - 1 16
18,01256,01256,r1bqkbnr/p1pppppp/2n5/1p6/5P2/N1PP4/PP2P1PP/R1BQKBNR b kq - 3 6
18,01257,01257,1nb2b1Q/r1k5/3pp2B/ppPn1p2/PPP2P2/1R4p1/4P3/3K1BN1 b - - 1 32
18,01258,01258,rnbqk1nr/ppppppbp/6p1/8/6P1/7N/PPPPPP1P/RNBQKB1R w KQkq - 2 3
18,01259,01259,3r1r2/1p4pp/Pnp1k3/2P1N3/P2p2b1/2BpQ3/6BK/R2R4 w - - 1 35
18,01260,01260,r3kb1r/p1pp1pp1/bq2pn2/1p5p/3nPB2/3P1PKP/P3N1PR/RNQ2B2 b kq - 6 16
18,01261,01261,r1bq1bn1/3ppk1r/1pn4p/p2N1pp1/2P2N2/P3P1P1/3P1P1P/R1BQKB1R b KQ - 2 11
18,01262,01262,1n2rb1r/p5pp/R1npp2k/1Ppb4/B3P3/4Np1N/5P1P/7K w - - 2 39
18,01263,01263,1rb3nr/1p1kb3/p1n2p2/4p1pP/P1NNPP1P/1BP5/8/RQ2K2R b Q - 2 26
18,01264,01264,r1b1kb1r/3n1ppp/2pq4/ppNp4/2P3n1/NP2p3/P1K2PPP/RQ3B1R w q - 0 19
18,01265,01265,rnbqkbnr/1pp1pppp/8/p2p4/5P2/P4N2/1PPPP1PP/RNBQKB1R b KQkq - 0 3
18,01266,01266,2r1k1r1/n5p1/2Pp2P1/q1n2p2/pP2pbB1/P6P/QB1rP1K1/3R2NR w - - 2 39
18,01267,01267,rnb1k1nr/p2pqp2/1p1b2pp/2p1p3/1PPP4/B4P1N/P2QP1PP/RN2KB1R b KQkq - 3 8
18,01268,01268,1n1qkb2/1b1ppp1p/1p6/2p1pn2/1pPP2r1/P7/2N1KPPP/R2Q1BNR b - - 3 17
18,01269,01269,4qbnr/4rP2/p2kb1p1/1p3P1p/3pP2P/1QNnR3/PPK3B1/R1B5 b - - 0 29
18,01270,01270,6k1/1b2rp2/nn4p1/2p4r/2PB3P/P2BPP1N/Q2N1K2/7R b - - 1 39
18,01271,01271,r5nr/3Qbk2/pp4pp/5p2/1pb2P1P/N1Pp1N2/PB2P1P1/R2K1B1R w - - 1 22
18,01272,01272,1nb1k1n1/rp4br/p3pp2/2P3Pp/P2pqNP1/N1PR4/3PPP2/R1BQKB2 w Q - 6 22
18,01273,01273,1rbqkbnr/ppp1pppp/2n5/3p4/7P/4P3/PPPP1PP1/RNBQKBNR w KQk - 0 4
18,01274,01274,rnbqkbnr/ppp1p1pp/3p1p2/8/P7/2N5/1PPPPPPP/R1BQKBNR w KQkq - 0 3
18,01275,01275,r1b2bnr/2p1k2p/pp1p2q1/1N1Pppp1/2P1P1P1/2BB3P/PP3P2/2RQK1NR w K - 2 15
18,01276,01276,rn2R3/p1k3pp/2p5/1pp5/PP4B1/2P2R2/3Pp1K1/RNB2N2 w - - 1 33
18,01277,01277,r1bqkb1r/pppppppp/5n2/4n3/1P6/P7/R1PPPPPP/1NBQKBNR w Kkq - 3 4
18,01278,01278,rnbqkbnr/ppppp1pp/5p2/8/5B2/3P4/PPP1PPPP/RN1QKBNR b KQkq - 1 2
18,01279,01279,rnbqkbnr/ppppp2p/8/5pp1/4P3/6P1/PPPP1P1P/RNBQKBNR w KQkq - 0 3
18,01280,01280,rq2kb2/2p5/p3ppP1/P1P5/Np1P3B/4NP1b/2Q1PK2/R4B1R w - - 1 32
18,01281,01281,rnb1k2q/3p1p2/p2P1pn1/1P6/1Pp1P2P/Q7/2PN1Nr1/BR2KB1R w K - 1 31
18,01282,01282,r4k1r/p1pb3p/np2q3/1B1p1pPn/P3p1PP/b1P1P3/QP1PN3/RNB2R1K b - - 4 17
18,01283,01283,rnb1k1nr/pp1p1pp1/2p2q1p/4p3/2PP1P1P/b7/PP2P1P1/RNBQKBNR w KQkq - 0 6
18,01284,01284,1r3bn1/pR1qp1pr/n6k/P2p1PNp/5P1P/1P1P2p1/2P3P1/BN2KB1R b - - 2 23
18,01285,01285,r2qk1nr/p3B1p1/1p1p3p/1P1Pp3/P4p2/1nPpPP2/5NPP/RbQ1K2R b KQ - 1 22
18,01286,01286,r1b1k1n1/p7/3p1prb/qpp1pPp1/3P2PN/2NPP2B/PP5P/R1BK1R2 b - - 3 21
18,01287,01287,1k1n1b1r/5p2/2b5/2Ppp1pp/PB1P1P2/1r3N2/3R4/1QK5 b - - 2 40
18,01288,01288,8/1bk2p1R/rn1B1Pr1/p2Pp3/P2BN3/1Pp1PK2/R1P3P1/1N3Bb1 b - - 2 36
18,01289,01289,r2k4/pb2n3/4p1p1/P1P5/R2N1P2/n5P1/2PPN3/B3K3 b - - 1 39
18,01290,01290,1n2k3/r1pp2p1/5b2/p2P3r/pP2bp2/2P5/1R2PQB1/BNNK4 b - - 0 38
18,01291,01291,1r3b2/4k3/q6B/2P2pr1/pP1p1Ppp/1NP3P1/7P/2RbK1NR w K - 2 30
18,01292,01292,3r1q2/n1pprkpp/4p3/p1Q2NB1/3PbPP1/p1P1P1RP/3K4/1NR2B2 w - - 1 29
18,01293,01293,rnb3nr/ppppkp1p/8/4p1p1/P1q5/1P2PP2/1BPK2PP/RNQ2B1R w - - 1 14
18,01294,01294,r3k2r/1bqpppbp/p1n3pn/3P4/Pp1p2P1/7B/1PP1PP1P/RN2K1NR w kq - 0 13
18,01295,01295,5b1r/rB1kpp1p/2n2P2/3p1Pp1/qpp3b1/5NPP/P1PP4/BNRQK1R1 b - - 2 18
18,01296,01296,r1bqkb2/pppp2pr/8/P3p1np/Qn1N1P2/2P5/1B1PPP1P/1R2KBNR b Kq - 1 13
18,01297,01297,rn2kb1R/3q4/2pp1pb1/p3p1P1/PpQ1P1n1/1PN5/1BPP1PB1/1R2K1N1 w q - 0 19
18,01298,01298,r1bqk1nr/pp1ppp1p/8/1Pp5/2B3p1/2P3n1/PN1P1bPP/R1BQ1KNR w kq - 2 11
18,01299,01299,rnb1kbnr/1p2p1p1/p2pq3/2p2p2/4P2Q/3P1P2/PPPB2PP/RN2KBNR b KQkq - 5 9
18,01300,01300,rn1qk2r/pbppp1bp/5n2/1p3P2/7P/NP6/PBPPP1P1/R2QKBNR b KQkq - 0 8
18,01301,01301,2b1qr2/r2pppkp/np5b/p1P3N1/P5P1/B1NK1n2/2P1PP1P/R2Q1B1R w - - 3 15
18,01302,01302,rnk3nr/pb2p1b1/2p4Q/q2p4/1P3P2/1P1P4/P3PPBP/RNBK2NR b - - 0 15
18,01303,01303,rnbk3r/1p2bpp1/1q1ppn2/p1p3Q1/P4P2/2PPN3/4P1PP/R1B1KBNR b - - 2 21
18,01304,01304,rn1qkbnr/1b1pp3/pQp4p/3P2p1/P4PpP/1PP5/1B2P3/RN2KBNR w KQkq - 0 14
18,01305,01305,r3k3/p1p4p/b1n3pb/5pPP/Pr4n1/1p1P1PR1/1PpN2KQ/R1B5 w - - 1 29
18,01306,01306,r1bqkbnr/ppppp1pp/n7/5p2/8/P5P1/1PPPPP1P/RNBQKBNR w KQkq - 0 3
18,01307,01307,rnbqkb1r/pp1pppp1/2p2n1p/8/4P3/P5P1/1PPP1P1P/RNBQKBNR w KQkq - 1 4
18,01308,01308,r1Bq1nnr/p5p1/4kp2/2p1p2p/P6P/R1b1PP2/1PPP1KPR/1NB3N1 b - - 0 16
18,01309,01309,2b2b2/1p1pr3/r3kpK1/pPp1p3/4P2P/Q2PN3/P2RB3/1RB3N1 w - - 4 33
18,01310,01310,1n3b1r/1rpb2q1/QP3npB/4p3/2P3k1/N7/P1R1p3/4K3 b - - 0 32
18,01311,01311,1rb1kbn1/p2p4/1pnq1ppr/4p3/2PpPQP1/5P2/PP2N1BP/RN2K2R b KQ - 1 14
18,01312,01312,r1bq1b1r/p1nkpppp/1ppp3n/8/8/PKNP3P/RPP1PPP1/2BQ1BNR b - - 3 8
18,01313,01313,r1N1Nkn1/pp5r/6p1/4p1Pp/q2npN2/4K2P/1bP2P2/2B1QB1R w - - 4 25
18,01314,01314,rnbqkbnr/3ppppp/8/ppp5/2P5/3P2P1/PP2PP1P/RNBQKBNR w KQkq - 0 4
18,01315,01315,1r1q1b2/pppbkpp1/n4n2/3p2rp/P1P1N3/3P4/1P1BPPPP/R3KB1R w KQ - 2 12
18,01316,01316,r1b1k2r/nppq2p1/5p1p/2N1p1B1/1Q1p3P/2PP1PPR/PP2P1B1/RN2K3 b Q - 1 21
18,01317,01317,1r3b1Q/pq2pk2/1Pb5/2p3n1/1npP3P/N4p1R/4BPP1/R1B1K1N1 b - - 2 28
18,01318,01318,n1b1kr2/2p1p2p/1rq1PnpB/1B4P1/P1Pp2Q1/2pP1p2/R4P1P/5KNR b - - 2 31
18,01319,01319,1rq1kbnr/ppp5/b3N1pp/2B2p2/P1p4R/1P1PP1P1/2P2P2/R2QKB2 w Q - 0 20
18,01320,01320,1r1n3r/pn2k2B/3pP2P/P2q4/1Pp4p/R7/1P2P1bP/1KN1N3 w - - 7 41
18,01321,01321,1n3b1r/rpk1p1p1/1q5p/Pppp1pBn/2P2P1P/1Q1P1bPN/8/RN2K3 w Q - 2 23
18,01322,01322,1r2kb1r/pb1qp1pp/3p3n/1Bp2p2/2NPPP2/1PP4P/nQ4P1/R1B1K1NR b KQk - 2 12
18,01323,01323,6n1/2r1p1br/b1n2k1p/p2p1ppP/pPpPPP1R/R1P2Q1B/3N1K2/2B3N1 w - - 0 24
18,01324,01324,2krqbr1/2n1p1p1/3p2pn/1pN5/p1b1P1p1/3pQPBP/PPP5/2R1KB1R w - - 0 22
18,01325,01325,2r4r/1q1kbp1p/pp1p2pB/3Pp3/NPp5/P2B1QPN/2P2P1P/2R1K2R b K - 1 22
18,01326,01326,2r3n1/2p1p1k1/p4q1N/1p5p/P1BpQPP1/1P2R2p/2KP4/RNB5 b - - 1 29
18,01327,01327,rn2kbnr/1pp2p2/p2p2pp/4pb2/1P1P2Pq/N4N1B/P1P1PPKP/R1B1Q2R w k - 3 12
18,01328,01328,rnbqkbnr/pppppp1p/8/6p1/8/8/PPPPPPPP/RNBQKBNR b KQkq - 1 2
18,01329,01329,1n2r1n1/p4k2/1N1P1pp1/1pp1p2P/3B4/P1Q1P2R/1P3P2/RN2K3 b Q - 5 33
18,01330,01330,rnb2b2/1p1knB1P/3pp3/p3P3/NP6/P1P2K2/4p3/5R1R b - - 0 24
18,01331,01331,2b1k3/Nr6/Bpn1P1p1/2p2p2/2Kp2PR/3PP2N/PBPR4/3Q4 w - - 1 40
18,01332,01332,1nb1k2q/3p1N2/Pp2p1P1/2p2r2/p1Pn2Pp/R1Q1B1R1/1P1KP2P/1N3B2 b - - 6 25
18,01333,01333,6r1/n3p1k1/1pp4p/N4Pp1/P3RP2/2P4P/7n/K1B3N1 w - - 5 40
18,01334,01334,5bnr/rp3p2/6qp/pk1P2pP/3pp1P1/1PQP1R2/P1P1N3/1RBK3B w - - 0 31
18,01335,01335,rn2kbnr/pb1p3p/1p2pqp1/2p2p2/PP1P2P1/B4P1B/2P1P2P/RN1QK1NR w KQkq - 3 8
18,01336,01336,1rb3n1/np1pk1b1/p6R/5p2/PP1pBP2/2p3B1/2PNPN2/1R1QK3 b - - 0 28
18,01337,01337,r1bq2nr/4p2p/ppn1k3/1Npp2P1/1P2Pb2/P2P3R/2P2PP1/1RB1KB2 b - - 0 16
18,01338,01338,2r2kn1/p1p1b3/1pnR1ppr/1P2p2p/7P/PQ2P3/qB1PN1P1/R3KB2 b - - 3 25
18,01339,01339,1n2kr2/2bp4/6p1/rpPPppP1/p3Q2N/P3K3/1P1BP2R/RN3B2 w - f6 0 24
18,01340,01340,r1N1kb1r/ppp2q1p/2n4n/6p1/P1Pp4/3p1PP1/RP2P2P/1KBQ1B1R b kq - 0 18
18,01341,01341,rnbqkb1r/p1p1pppp/5n2/1p1p4/3P4/5PP1/PPP1P2P/RNBQKBNR w KQkq - 1 4
18,01342,01342,r4Q1r/p1q1p3/n3kn2/5p1p/2pp3p/BPPP3R/3K1PP1/RN2NB2 w - - 0 28
18,01343,01343,r7/1bpPk1br/1p5n/p7/1P2Pppp/N4R1N/P2PK3/R1B2B2 w - - 0 27
18,01344,01344,2b1kb2/rp1qpp2/p4n1r/2Pp2pp/3B3P/2NKPP2/PPPQ2P1/R4BNR b - - 5 15
18,01345,01345,1n1qk1nr/r1pppp1p/p6b/1p4pP/6P1/2P2N2/PP1PbP2/R1BQKB1R w KQk - 0 11
18,01346,01346,r1b1kb1r/p3qp1p/n1p1p2n/1p1P2p1/8/1PNPB1PN/P3PP1P/R1Q1KB1R w KQkq - 2 10
18,01347,01347,r4knr/1bbp1p2/1pp1p1pp/Rq1P3P/5P2/2P3B1/4PKP1/1N3BNR w - - 1 22
18,01348,01348,5b1r/3bpkp1/pn3n2/1p1prp1p/4NPQP/1P1pP3/P3B1P1/1R1KB1NR w - - 13 29
18,01349,01349,rn1q2nr/p1ppkp1p/1p2p1pb/P2b4/2P2P1P/4R2N/1PQPP1P1/1NB1KB1R b K - 4 11
18,01350,01350,1nb2r2/3p4/r1p1kp1b/p4p1p/1P3nPP/N1PB1P2/P7/R2KN1R1 w - - 4 38
18,01351,01351,1n3bnr/1ppkq1pp/r7/Q4b2/P1p4B/3pPPP1/1P1NB2P/R2K3R w - - 3 23
18,01352,01352,rn5r/3k2b1/p2q4/2p5/P1Qp2p1/1bPPp3/1P2N1PP/2R2K1R b - - 7 40
18,01353,01353,rnbqkbnr/pppp1ppp/4p3/8/5P2/8/PPPPP1PP/RNBQKBNR w KQkq - 0 2
18,01354,01354,1nr5/Npk5/r4p1n/pP1pp2p/Pb1PN1Pq/2P4P/3KP1P1/1RBQ1B1R w - - 0 28
18,01355,01355,rnb1k1nr/3p1p2/5P1b/p1p1p2p/PPPPP1p1/6P1/R4BKP/1n2R3 b - - 2 35
18,01356,01356,1rq1kb1r/3pp1pp/1p5n/pb3p2/1P1n1P1P/2Np4/P1P1PKPN/R1BQ1B1R b - - 5 16
18,01357,01357,3q2kr/rp6/pP2b1pp/2ppbp2/P3n2P/4PNP1/3NRP2/1K3QR1 w - - 0 36
18,01358,01358,rnbqkbnr/pppppppp/8/8/8/3P4/PPP1PPPP/RNBQKBNR b KQkq - 0 1
18,01359,01359,r1b1r3/4knbp/p7/nPpppBp1/2N2P1P/1P1P1K1R/PB1QP3/R5N1 b - - 1 27
18,01360,01360,rn3b2/1bk1p1pr/3n3p/p3N3/PP1PP3/7P/6PR/R1K5 b - - 2 27
18,01361,01361,r1bqkN2/pp2pp2/2p3p1/2n5/3p2n1/4P3/PPPPKPQr/1RB2BNR b q - 1 11
18,01362,01362,rn1qkb1r/1p1bpppp/2p2n2/p2p4/P3P3/1P4PP/2PP1PB1/RNBQK1NR b KQkq - 0 6
18,01363,01363,rnb1Qbnr/p2ppk1p/2p2pp1/8/2P2q2/1P2P3/P2PBPPP/RNB1K1NR b KQ - 2 9
18,01364,01364,rnq3nr/p2kb2p/2pp1p2/1p2p1PQ/6P1/2P2P2/PP1PP2R/RNB1KbN1 b - - 2 12
18,01365,01365,6nr/4kpb1/nN6/2p1pbpp/2P1pN1P/1p3P2/1B2BKPR/1Rr2Q2 b - - 3 39
18,01366,01366,r1bqk3/2p1p3/3p4/pPr1P1bp/P7/Bn1P1NP1/4KPRp/R2Q1B2 b - - 8 34
18,01367,01367,3rk1nr/2R2b2/6p1/1Pp1Bp2/2p3p1/1P2P2P/2NPK3/3QNB1R w k - 1 20
18,01368,01368,1rb1kr2/Q1B2p2/1ppbp3/7p/2p2q2/2PPP1P1/P2K4/R4BR1 w - - 0 22
18,01369,01369,r1b5/1pp1pkb1/n5r1/p4p2/4Pqnp/P7/1P1PK2P/RNB2BR1 b - - 1 29
18,01370,01370,1r1k1rn1/pp3p1p/2p3p1/2npp1PP/4P3/2NP3b/1PPB2P1/R2QKB1R w K - 1 16
18,01371,01371,rQ3bnr/4p1k1/1N1p3p/1p3Pp1/1P3P2/3PP3/PNbPK1qP/R1B2B1R w - - 9 28
18,01372,01372,b2k1br1/r7/n1p2pp1/p2B3p/PP1PP2q/N1P2Q2/2K1NPnP/R7 w - - 0 29
18,01373,01373,1nb2bnr/1rp3k1/1p1p1p1p/4P2P/1P6/qP1Pp1P1/5RQ1/6NK w - - 0 37
18,01374,01374,rnbq3r/1p3k1p/2ppp1pb/p1P5/n2PPP1P/1P4PR/1RQ1BB2/4K1N1 b - - 1 27
18,01375,01375,1n1k1br1/1r3p2/pp3n2/2p3pp/PPQ3bP/2K3PR/3P4/RNB1NB2 w - - 2 23
18,01376,01376,3k1b1r/4p3/Bp3Bpp/1PPp1b2/1P3P1P/4P3/5PR1/RN3KN1 b - - 0 22
18,01377,01377,rq2kb2/1p2pppr/1p1p3p/p3Pn2/2P2PP1/8/PP1PK1P1/1RB2B1R w q - 1 20
18,01378,01378,q3nb2/2p1p1rb/4k1p1/2Bp1p1p/Pr3P2/2pPPBP1/4QN1P/R1K4R w - - 0 33
18,01379,01379,r1b2b1r/p2k4/n1Np3p/2qP1p1n/2B2pP1/1PP4P/P2P4/1RBQK2R b K - 0 18
18,01380,01380,rnbqkbnr/pppp1p2/4p2p/6p1/3PP3/5P2/PPPK2PP/RNBQ1BNR b kq - 0 4
18,01381,01381,1r2kr2/1b1p1p1p/4p1p1/pBp1P3/4P1P1/P3n2R/P1PNK3/R1Q3N1 b - - 2 23
18,01382,01382,rq1k1b2/1b2n2r/p1pp3p/2Pnp1pP/Pp3p2/2NP1PPB/Q2KP3/R1B3NR w - - 2 27
18,01383,01383,rnq1k1r1/p1bp2pp/bp6/PnP1p3/7P/4PPNR/1RP2KP1/1NBQ1B2 w q - 3 18
18,01384,01384,rnb1kbnr/1ppq1ppp/3pp3/p7/P5PP/5P2/1PPPP3/RNBQKBNR b KQkq - 0 5
18,01385,01385,1rqk1br1/p1pp4/bpQ1pppp/3P4/5B1n/3n1NPP/1P2PP1R/RN1K1B2 w - - 10 24
18,01386,01386,r3kb1r/2q5/p1np2p1/2pPpp1p/2P1P1b1/PPB4N/R4PPP/1N2KBR1 w k - 4 21
18,01387,01387,1nb1k1r1/3r1nbp/p3p1N1/1qP2pp1/1PQP4/1P3P1P/P1NK2P1/R1B2B1R w - - 7 26
18,01388,01388,rnb1kbnr/4pp1p/1p1p2p1/p1p5/R4P1P/1qPP4/1P1NPKPR/2B1NB2 b kq - 1 13
18,01389,01389,1rq2b1r/pppk1p1Q/5n1p/3pp3/1nPP1Nb1/NP4P1/P3PP1P/1R2KB1R b K - 0 12
18,01390,01390,3k2n1/3N4/r3p2p/1b3p2/1P1PPPPP/P1bQ4/1B6/RN4K1 b - - 0 28
18,01391,01391,1n2kbr1/1bpR3p/7n/5PN1/4pp2/2r1P3/2P3BP/1K1R4 w - - 7 31
18,01392,01392,1n2k1n1/pprq2pr/2pNp3/2bp3p/N4P1P/1Q1bP1PR/PP4B1/R1B1K3 b Q - 5 18
18,01393,01393,rnb1k3/3pppbr/p1p2np1/1pP4p/NP3PP1/7P/PQ1PK1B1/1RB3NR w q - 1 16
18,01394,01394,rn2k1n1/p3b1pr/3q3p/1pp1Pp1P/4N3/P2b2P1/1B1P2K1/RN1Q2R1 w - - 0 31
18,01395,01395,2b5/1r1pb1n1/2n5/pP1kP3/P1q3N1/4P1P1/8/RKB5 b - - 0 36
18,01396,01396,r4b1r/2pq1k2/pp1B3n/3np1pp/3PP3/P4PPP/RP6/1N2KbR1 w - - 0 24
18,01397,01397,1k2r1nb/1b5q/pN2ppr1/Pp1PPP2/1P5p/6BN/7P/4K2R b - - 0 32
18,01398,01398,rn2kb1r/pp2pp1p/1q1p3n/2p2b2/6PP/NPP3P1/P1NPP3/1RBQKB1R b Kkq - 0 12
18,01399,01399,rnbqkbnr/ppp1pppp/8/3p4/8/6PP/PPPPPP2/RNBQKBNR b KQkq - 0 2
18,01400,01400,8/5r2/pp1kP3/3p4/b2P3p/NPQ5/PBPB3P/1R3K2 w - - 9 33
18,01401,01401,1nb1k2r/1p1p4/6p1/r2npp1p/PPBpP3/2P3KQ/7B/qN5R b k - 2 21
18,01402,01402,q2k1b1r/1pr4n/4p3/2pP2Pp/p1P3P1/1P1B1P2/P2P2R1/1RBQK3 w - - 3 29
18,01403,01403,rnbqkbnr/ppp1p1pp/3p4/5p2/8/8/PPPPPPPP/RNBQKBNR w KQkq - 0 3
18,01404,01404,rnbqkbnr/pppp2p1/4pp2/7p/3N4/4P1P1/PPPP1P1P/RNBQKB1R b KQkq - 1 4
18,01405,01405,r1bqkb1r/ppp2p1p/7n/n2pp3/2P2pP1/8/PP1PPN1P/RNBQKBR1 b Qkq - 1 8
18,01406,01406,3B1kr1/rQ2nbb1/5p1p/4p1p1/pnpPPPP1/P3Q2P/4R3/1N1K2NR w - - 3 27
18,01407,01407,r3k1n1/p1pbqp2/2np2pp/1p2p1N1/1P2N1P1/P1B2P2/2PQP2P/R3KB1R b KQq - 1 14
18,01408,01408,r1b2br1/p2p1kp1/n7/1p2QP1p/1pP4P/N2P1BPn/P2K4/R1B3NR b - - 1 20
18,01409,01409,1nrqkbnr/p3B1p1/1pp1p2p/3p1p2/3PN3/2P1P1PP/PP3P1R/2RQKbN1 w k - 0 14
18,01410,01410,rnbqkbnr/ppppp1p1/5p1p/8/5P1P/3P4/PPP1P1P1/RNBQKBNR b KQkq - 0 3
18,01411,01411,2bq1k1r/rp1n4/3pBp1n/p1p3pp/1P2P2P/N1P3P1/P2P1PR1/R1BQ1K2 w - - 0 22
18,01412,01412,2b2b1r/3ppN1k/8/2p3pp/P4p1N/1pn2KP1/5P1P/1R3Q1R b - - 1 31
18,01413,01413,bn2k2r/r1p2n1N/p1p2pp1/1p1Np2p/Q1P5/1P4qB/P3PP1P/R1B2R1K w k - 2 20
18,01414,01414,r1b1k3/p7/2p2nPr/np1p1p1p/4pPP1/bP1NP2B/PBPN3R/R1Q3K1 w - - 3 26
18,01415,01415,r2nkb1r/1pp2p1p/p2p1pp1/2P1P3/P6N/1P4q1/1R1P1P2/2B1Kb2 b kq - 1 19
18,01416,01416,1nb2bnr/2kp1p2/r1P4p/6N1/4P3/q1Np4/PQPK1PPP/R1B2B1R w - - 1 18
18,01417,01417,rnbqkbnr/1ppppppp/8/p7/8/1P6/P1PPPPPP/RNBQKBNR w KQkq - 0 2
18,01418,01418,1nbqkbn1/1p1p1p1r/2p5/2Qr2pp/p1N1PPP1/2p5/PPB1K2P/RNB4R w - - 1 18
18,01419,01419,r1bqkb1r/pp1npp1p/5n2/2pp2p1/1P1N4/P3P1P1/2PP1P1P/RNBQKB1R b KQkq - 0 6
18,01420,01420,r1bqr3/pp1k3p/4ppp1/nNPp1n2/2p4P/P1P1P3/1Q1P1PPR/RNB1KB2 b Q - 6 14
18,01421,01421,b1k1rbn1/p1n2q2/1p1p4/QPPp3P/P1P2pp1/5P1p/1B2PK1P/RN1R3B b - - 0 34
18,01422,01422,r1q1kb1r/p1p1pp1p/3p1n2/1p2N1p1/4P2P/1b6/P1NPnPP1/RQB1KBR1 w kq - 0 13
18,01423,01423,rnbqkbnr/p1ppppp1/7p/1p6/1P6/5P2/P1PPP1PP/RNBQKBNR w KQkq - 0 3
18,01424,01424,rnbq1b1r/ppp1kppp/3p1n2/4p3/2P5/N3P3/PP1PKPPP/R1BQ1BNR w - - 0 5
18,01425,01425,2b1k1r1/r4p1p/Ppp4b/P2p1np1/3P2P1/N1Q1B2P/n1P1NKB1/7R b - - 1 23
18,01426,01426,1r2kb1r/pp5Q/n2p3p/2p1p1p1/P2Pn1q1/R3p1P1/1PP2P2/2BNKBNR w Kk - 0 16
18,01427,01427,rn1q2nr/p1pp1k2/bp5b/4ppP1/N5pP/P3P3/1PPPQ3/R1B1KBNR w KQ - 2 10
18,01428,01428,1rbk4/5Bp1/np2P2p/p1p5/3n2PP/1p1KP3/NBP2r2/R2R4 b - - 3 35
18,01429,01429,2bqkbn1/1r1p1ppr/4p3/ppp1N2p/2P3P1/NP2P3/P1Q2PRP/R1B1KB2 w Q - 0 15
18,01430,01430,r3kb2/2p2pp1/1Q1pp2r/BNP4p/3Pq1n1/3P1bPN/PP3P1P/R1KR4 b - - 3 22
18,01431,01431,1B1q1kn1/2r5/1p6/3p1pP1/1PPQ2pP/B3K1P1/P4R2/3R4 w - - 0 34
18,01432,01432,rnbqkbnr/pp1ppppp/8/2p5/8/7N/PPPPPPPP/RNBQKB1R w KQkq - 0 2
18,01433,01433,1nb1kbnr/rppp1p2/p6p/4p1p1/1P5q/3PP1P1/P1P2PBP/RNBQK1NR w KQk - 2 7
18,01434,01434,rn1qkbnr/ppp1pppp/3p4/8/5Pb1/4P3/PPPP2PP/RNBQKBNR b KQkq - 0 3
18,01435,01435,r6r/2Rb3p/pp1bkp2/1N2p2P/P2pP3/2qp1PPp/4N3/3K4 w - - 0 31
18,01436,01436,rnbqkbnr/p1p2ppp/3p4/1p2p3/3P4/1P6/P1P1PPPP/RNBQKBNR w KQkq - 0 4
18,01437,01437,rnb1kbnr/pq1p2pp/4p3/P1p2p2/1p2P1P1/1N1P1P2/RPP4P/2BQKBNR w Kkq - 1 10
18,01438,01438,r1b1kb1r/1p1n1p2/1q1pB3/1Qp1pn1P/4Pp1P/2PP3N/PP6/RNB1K2R b KQkq - 0 13
18,01439,01439,r1b1kb1r/pp2pp1p/n1pp1n2/4q1p1/4P3/1NPP1P1N/PP4PP/R1BQKB1R w KQkq - 1 8
18,01440,01440,1nb1krn1/q2p3p/2p1p1pR/2p5/p1P1Pp2/P1NP1P2/3QBKP1/R1B5 w - - 4 31
18,01441,01441,r1bq3r/2n1b1kp/pp1pp1p1/2p2P2/1PPPp2P/N2N1P2/P4R2/R1BK1B2 w - - 3 27
18,01442,01442,r7/7r/3q2kn/ppp2b2/1PP2B2/3P4/PR2B3/RN2K1b1 w - - 0 34
18,01443,01443,rnb1q1nr/3p1k1p/8/pB2p1p1/pP2Pbp1/P7/2PP1PNP/R1BK1R2 b - b3 0 19
18,01444,01444,4r1r1/p3k2p/bB2pn2/Pp1P3n/1q3P2/1RP3Q1/4BNPR/3K2N1 b - - 2 36
18,01445,01445,2b2b1r/1ppB4/r2k1p2/p2pnn1p/P5p1/RPP2P1P/2Q5/1NB1K1NR w - - 3 21
18,01446,01446,1nb1k3/2r2p2/2pqpnQb/1p1pP1p1/pP1P2pP/P2B4/1RP1NP2/2B2KNR w - - 2 28
18,01447,01447,rnbqkbnr/1pp1pppp/p7/3p4/3P4/1PN5/P1P1PPPP/R1BQKBNR b KQkq - 0 3
18,01448,01448,rnb1kbnr/pp1qpp1p/3p4/1Pp3p1/8/P1N4N/2PPPPPP/R1BQKB1R b KQkq - 1 5
18,01449,01449,rnbqkb1r/pppppppp/7n/8/1P6/8/P1PPPPPP/RNBQKBNR w KQkq - 1 2
18,01450,01450,r1b1k1nr/4bpp1/q7/1p1Q3p/p1P1PP2/3PK3/PP1N2PP/R4BNR w k - 2 15
18,01451,01451,r1b1kr2/5p1p/3pp3/pPp4n/nQ1P1P2/RP3K2/4PN2/2B4B w - - 1 29
18,01452,01452,r1bqkbnr/2ppp3/n6p/pB2Pp2/6pP/P4N2/RPPP1PP1/1NBQK2R w Kkq - 2 8
18,01453,01453,3r1knr/1p5p/1Bb1Pn2/2pqb1p1/7P/2P2P1R/P2PNQP1/RN2K3 w Q - 0 23
18,01454,01454,1nbqkbnr/rpppp1pp/8/p4p2/2P3P1/5P2/PP1PP2P/RNBQKBNR w KQk - 0 4
18,01455,01455,r1b2br1/pp1qk3/n1p4p/P3P1N1/1PPpR1p1/6PP/R3Kn2/1NB2B2 b - - 5 27
18,01456,01456,rnb2knr/pp1qppb1/2p3pp/8/1P4PP/N3pP1N/P1PP4/R1BQKB1R w KQ - 5 12
18,01457,01457,rnb1kbnr/1p1ppppp/p1p5/q7/8/6PB/PPPPPP1P/RNBQK1NR b KQkq - 3 4
18,01458,01458,rnb4r/p1p2pkp/4pqpn/1p1p4/1PP1P2N/P5P1/3P1PB1/RNBQ1K1R b - - 2 14
18,01459,01459,r3nk2/1p3npr/3q3p/pP6/P1p1PP1P/2PpBb2/5RB1/1NRQK2N w - - 0 33
18,01460,01460,6n1/8/1rnpkB2/p1PNp1pp/6P1/p2bPP2/q1PQ1K1P/R5NR b - - 8 36
18,01461,01461,rnbqkb1r/1p1ppppp/2p2n2/p7/5P2/1PN4N/P1PPP1PP/R1BQKB1R b KQkq - 0 4
18,01462,01462,r1bqkb1r/p1pp1p1p/n5pn/1p2p1P1/2NP4/2P1B3/PPQ1PPBP/R3K1NR w KQ - 0 12
18,01463,01463,1nQ2kn1/2r3r1/pP4Bb/1P1p2pp/8/2P2NPP/6K1/RN1q2R1 b - - 2 39
18,01464,01464,rn2kb2/5q1r/b7/1Nppp3/P2P1PpP/1pn4P/2P1N1B1/R1B2K1R w q - 2 22
18,01465,01465,r1bqkbnr/3npp1p/1ppp4/p5N1/8/N1PP3P/PP1QPPP1/R1B1KB1R b KQkq - 2 7
18,01466,01466,rnbqk2r/1pppbppp/p6n/4p3/7P/PPR5/2PPPPP1/RNBQKBN1 b Qkq - 4 5
18,01467,01467,1n3k1r/r2p4/5p1n/7p/p3P1R1/PpN1K3/1P5P/2nRBB2 b - - 3 34
18,01468,01468,4k2r/4pp2/2pqb1pn/rp1p2p1/p1P1NNP1/1Q2P1RP/PP2P3/R1B1KB2 w k - 3 21
18,01469,01469,rnn1qR2/p1Bp2k1/3Nb1pr/7P/1p2Q3/b2PpPK1/P1P1P2P/R4BN1 w - - 10 29
18,01470,01470,1n1q2nr/1rpp1k1p/bp1b1p2/p3p1Q1/4P3/NP3PP1/P1PP1NBP/R1B1K2R w Q - 1 13
18,01471,01471,rnbqkb1r/pp2pp1p/3p4/2p3p1/3P3P/BP3P1N/P1P1P1PR/RN1QKB2 b Qkq - 0 7
18,01472,01472,r3kr2/p1p2p2/b3p2P/N2P1p2/qp2P3/5Q1B/PP1b1K1P/1RB3NR b - - 1 28
18,01473,01473,r4bn1/1k5r/n3b1p1/p1pPpp1p/PNP1QP1P/1P2P1PN/6K1/8 b - - 2 35
18,01474,01474,rn6/p1q1p1n1/2pp3r/1p2kp1p/1PP1b2P/2NP3R/P7/R3K3 w - - 0 27
18,01475,01475,rn2kbnr/8/b1pp2p1/p2Ppp1p/2p2P1q/PP3N2/4PBP1/1RQNKB1R b K - 1 18
18,01476,01476,rnbqk1nr/p1ppp1b1/1p5p/5pp1/1P6/4P2P/P1PPKPP1/RNB1QBNR w kq - 0 6
18,01477,01477,rnbqkbnr/ppppp1p1/7p/5p2/8/N1P5/PP1PPPPP/R1BQKBNR w KQkq - 0 3
18,01478,01478,r1bqkbr1/pppppppp/n7/8/1PP5/5PnP/P2PP1P1/RNBQKBNR w KQq - 1 6
18,01479,01479,rnb3nr/1ppp1pkp/p5p1/B3P3/6q1/N2Q3P/PPP1BPP1/1Rb1K1NR b K - 0 15
18,01480,01480,1nb1Q3/1k1p2b1/5P1r/2p4p/1p1PP2P/8/2P1N1B1/1r2NK1R w - - 8 36
18,01481,01481,r1b4r/1N1pk1p1/pqp4n/2P1bp1p/6PP/P1QBP2R/1P1B4/R1n1K3 b - - 0 31
18,01482,01482,r1b2kn1/pp1Q2pr/nqp5/2b1PpPp/P1P4P/8/1P1BPP2/RN2KBNR b KQ - 0 13
18,01483,01483,b1rqk2r/2p2p2/pp3P1n/4p3/1bPp1N1p/PP1nP2B/7P/RNBQ2KR b - - 3 22
18,01484,01484,rq2kb1r/pBp2ppp/np6/N1R1P3/P3bn2/1P1QP2P/5PP1/2B1K1NR b Kkq - 6 17
18,01485,01485,r5n1/3k1pp1/n2b3p/p1p2PP1/P1Pp4/BpPQP2P/N3P1BR/1R2K3 w - - 0 26
18,01486,01486,3Bqknr/rb4p1/1Q2p3/p1P5/P2pPP2/2Np4/3b4/5KNB b - - 0 38
18,01487,01487,r2qkbnr/p1p1pppp/1pnp4/5b2/2B1P3/2N5/PPPP1PPP/R1BQK1NR b KQkq - 1 5
18,01488,01488,5rnr/4b1p1/p5Pp/kb2pp2/3pN2P/1Q2B2B/PPK1PP2/R5NR w - - 13 26
18,01489,01489,1rb3kr/p3p1bp/p2pPp2/q1pP2Q1/Pn3PP1/R1P4P/1P6/1NBK2NR b - - 0 24
18,01490,01490,r1bqkbr1/p1p1p1pp/n4p1n/1p6/3p1PP1/P7/1PPPP1BP/1RBQ1KNR w - - 0 13
18,01491,01491,r1br2B1/p4pp1/nk1p4/1p1np3/Q1pP1P1p/N1P3b1/P3P2P/2K1RR2 b - - 13 31
18,01492,01492,1nr3n1/pppqpk2/7b/5Pp1/P2p2Kp/1PN1P2N/2P2P1P/R1BQ1R2 b - - 0 18
18,01493,01493,n2r1b1r/p4p2/2npB1Pp/1bp1k3/P1Qp1q2/NK2B1P1/RP2P3/6NR b - - 1 27
18,01494,01494,rnb3nr/1p1ppkb1/1q6/p1p3pp/P1PPNPp1/1P2P2B/4KQ1P/R1B3NR w - - 0 15
18,01495,01495,r1bqkbr1/p1ppp1pp/np5n/5p2/1P2P3/3P2P1/P1P2P1P/RNBQKBNR b KQq - 1 6
18,01496,01496,q5kr/6rp/nbb1p1Q1/7n/Pp4PP/R1P2N2/4B2B/4K1R1 w - - 1 38
18,01497,01497,rnbqkbnr/ppp1ppp1/7p/3p4/2P2P2/1P6/P2PP1PP/RNBQKBNR b KQkq - 0 3
18,01498,01498,rnb2bnr/p2Np1kp/P4q2/1p3pp1/3PP1P1/NPp5/2P2P1P/R1BQKB1R w KQ - 0 13
18,01499,01499,1r2k1nr/1b1pq3/5b1p/4p1pp/1Qpn1P2/3PP1K1/PPP1N3/R1BB3R w k - 1 28
18,01500,01500,rn1qkb2/N1p4r/1p1p2pp/5pNn/1P6/7b/PBPPPP1P/1R1QKBR1 w q - 0 12
18,01501,01501,1nbk1Qn1/1rpp3r/1p5P/4p1qp/N3PN2/PP5B/1RPP3P/2BQK2R b K - 0 20
18,01502,01502,r5n1/2p2p1r/p3b1p1/2b2kB1/Np3Q1p/1P3PqP/P1PKP3/R4B1R b - - 1 21
18,01503,01503,rnb2b1r/2ppkppp/1p4q1/p7/P4n1P/1P1PPNp1/2PKBPP1/1R1Q3R w - - 0 16
18,01504,01504,2b1k3/2r3q1/p1p1pppr/PpPn2R1/8/5P1p/N1PK3P/2N4B b - - 6 39
18,01505,01505,r1bqk3/1pppbp2/2n1p1pr/pP5p/P2PN3/RK2P2P/2P2PP1/2BQ1nNR b q - 5 13
18,01506,01506,r4kn1/p1qn4/3PppQr/Ppp3pp/7P/NP3B2/3B1KPR/3NR3 b - - 3 30
18,01507,01507,rn5r/p2k3p/2pp2nP/3q4/1pb1pBP1/P4N2/3P1P2/3RKB1R w K - 3 28
18,01508,01508,2rqk3/2p1p2r/2npQ2n/1B3p1N/4PP1P/P7/6P1/RNBK2bR w - - 3 23
18,01509,01509,rn5r/p2p2bp/1p1k1p2/1q1np3/1P1pPP2/2P3P1/PB5P/RN2K1NR w KQ - 3 18
18,01510,01510,rn1qkbnr/pppb1p1p/8/3pp1p1/1P5N/N6P/P1PPPPP1/R1BQKB1R w KQkq - 2 6
18,01511,01511,1r4nr/1p1Qp1bp/3k1p2/pB1p3b/3P4/PPn1P3/1BP3KP/2R4R b - - 7 34
18,01512,01512,rnb1kbn1/ppppqppr/8/4p2p/P7/2P1P1P1/1P1PQP1P/RNB1KBNR w KQq - 2 6
18,01513,01513,rnbq1bnr/ppp1pkpp/5p2/3p3P/8/4P3/PPPP1PPR/RNBQKBN1 b Q - 2 6
18,01514,01514,r2qk1nr/pbp4p/1pnp4/5p2/P3P3/BP4PN/R1PPP2P/bN1Q1RK1 w - - 2 14
18,01515,01515,rn2r1n1/8/p2P4/1p5p/PK2k3/4PNpN/BPb2PPP/R1B1R3 w - - 7 34
18,01516,01516,1r1n1bnr/1bp2kp1/p3p2p/1p2QP2/P3p3/3qP2P/1P1PBKP1/R1B3R1 b - - 1 19
18,01517,01517,rnbqkbnr/ppp1pppp/8/3p4/5P2/8/PPPPP1PP/RNBQKBNR w KQkq - 0 2
18,01518,01518,1nb2bnr/1r1k1ppp/1q6/p7/1PpP1pP1/8/PQ2P2P/RNB1K1NR w KQ - 0 15
18,01519,01519,r5n1/n1pk1p2/pq4pr/1p1B1bb1/PP1P2Pp/Q1P1p2P/3NP2R/R1BNK3 b Q - 2 24
18,01520,01520,1rb1qk2/1pBp3n/3r2p1/p1p1P1Pp/N2np3/1PpP3B/P1P3RP/2R2K2 w - - 1 31
18,01521,01521,1q2kbr1/rp5p/2p2p2/p2p4/1PPPpPb1/3BP1pN/2Q3PP/RNB1K2R b K - 7 22
18,01522,01522,2bq2nr/r1pk2bp/p1np2p1/p2Pp3/5p1P/PPP3PN/2QNPP2/1R2KB1R b K - 3 13
18,01523,01523,rqb2b1r/2pnp2k/1p3np1/p2p1P1p/PP1N2PP/2N4K/1BPPBP1R/1R1Q4 b - - 1 17
18,01524,01524,1r3b1r/pbqnkN2/2p3p1/1p1p1p1p/5P1P/P2B4/2nP2PR/R1BN2K1 w - - 0 26
18,01525,01525,7q/r1B1rpb1/np4p1/1Pk1PP1p/P6P/R1P2PPB/N3N2R/4nK2 b - - 0 38
18,01526,01526,rnbqkbnr/pp1ppppp/8/2p5/P7/7P/1PPPPPP1/RNBQKBNR b KQkq - 0 2
18,01527,01527,rn1qkb1r/pp2p1pp/2pp1p1n/5b2/3N1P2/N1P1P2P/PP1B2P1/R2QKBR1 b Qkq - 0 10
18,01528,01528,rnbqkb1r/p2p1pp1/4p2n/1pp4p/7P/3P1P2/PPPNP1PR/R1BQKBN1 w Qkq - 0 6
18,01529,01529,1nbqkb1r/1rp1pppp/ppP5/3p4/8/PP1P1PnP/R3P1P1/1NBQKBNR w Kk - 1 11
18,01530,01530,2b1qb1r/r1ppk2p/p1n2n2/1P4p1/1PP2p2/2NP1p1P/RB2P1P1/2Q1KBNR w K - 0 15
18,01531,01531,bn2k1n1/5r1r/5ppb/1p1pPpNp/7P/BB1p2P1/P2P3R/RN2K3 w Q - 4 32
18,01532,01532,r1q1r3/1pp3pp/1nn3k1/p3pN2/4BPPP/RP1P4/1B2P3/1N2K2R b - - 4 28
18,01533,01533,rn2k1nr/pb1p4/1ppqp2p/5p1P/2QP2P1/R1P5/1P2P1N1/2B1KB1R b K - 2 23
18,01534,01534,2b3n1/2Q4r/4p1k1/rp1N2bp/1p2P3/1P1p2N1/P1PR1P1P/4KBR1 b - - 1 27
18,01535,01535,2b1kb1r/1pqppp2/2p3p1/pQ1nP2p/P5PP/NR3P2/1PPBP1K1/5BNR w k - 2 18
18,01536,01536,5r1k/q7/bN1rp1n1/ppnp2pp/1PpPpP1P/1RP1P1K1/P4N1P/2BQ3R b - - 5 37
18,01537,01537,b7/2r2k1p/1Ppbr3/3p1pp1/P2p1PnP/RKPN4/2n2BB1/1N2R3 w - - 2 35
18,01538,01538,rnb1k1nr/pQpp1ppp/8/2b5/4p2q/1PP3P1/P2PPP1P/RNBK1BNR b kq - 0 6
18,01539,01539,rq1k1b1r/4pp1p/1ppP4/pn4p1/N2p3P/1B1K2P1/PPP2P2/R1B2QNR b - - 1 24
18,01540,01540,r1b2k2/p1pp2b1/1n4pr/1N2pp1p/4nP1q/PPP1PK1P/2NP2P1/1RBQ1B1R w - - 0 18
18,01541,01541,rnbqkbnr/p1ppp1p1/1p3p2/7p/8/N3P2N/PPPP1PPP/R1BQKB1R w KQkq - 0 4
18,01542,01542,rnb1kbnr/ppppq1p1/4p3/6p1/3P1p1P/NP6/P1PNPP2/1RBQKB1R b Kq - 4 9
18,01543,01543,rkb5/Np1p1p2/3b3Q/4pq2/pPp2p1p/PRP2PPP/4N2R/3K1B2 b - - 0 32
18,01544,01544,B2rqn2/1bk2n2/2pp4/p2P1p2/P3PP1p/6PK/2PB3P/bN2N1R1 b - - 0 31
18,01545,01545,3r1k2/rBpb1p2/n3p1p1/1p2P3/p2B1Q1p/N2n2P1/P1P2R2/3R3K b - - 1 36
18,01546,01546,1rbk2r1/2p1qp2/2P5/Pp1p2Bp/1n4Pb/5B1N/K3nP2/RN6 w - - 0 37
18,01547,01547,4kb2/4p2r/r4p1n/4Q2p/p4Np1/P2qPP2/RP1P3P/1NBbKR2 b - - 4 36
18,01548,01548,r1b2k1r/6b1/2n2n1p/pNp1pp2/P1PpP2N/5p1P/2K2QPR/1RB2B2 w - - 5 26
18,01549,01549,1rbq1bnr/pppppk1p/5p2/6p1/PP1n2P1/3P3B/2P1PP1P/RNBQK1NR w KQ - 1 7
18,01550,01550,1n6/rbkpr2p/1p5b/p5p1/1B1N2P1/3K2PP/P1P1P3/RNR5 w - - 2 31
18,01551,01551,q2k1r2/1b5p/BPp5/3Q2b1/3p1ppP/3P4/PB1R1PP1/1R4K1 b - - 0 34
18,01552,01552,4kbn1/1qp1p3/2r1b2r/3pnpP1/1ppP3p/N6P/PB2RKP1/5QNR w - - 0 27
18,01553,01553,r1bqkb1r/pppppppp/n4n2/8/2P5/5P2/PP1PP1PP/RNBQKBNR w KQkq - 1 3
18,01554,01554,2brkbn1/2pp1p1r/1p4p1/p5p1/1B1p2P1/P1N2P1P/1QP1P3/1R1K1B1R b - - 0 17
18,01555,01555,1rb1kbn1/p2pp3/n2q2pr/1Pp2p1N/P2P4/4PPP1/1P1N1K1P/R1BQ1BR1 b - - 0 14
18,01556,01556,rn1qkb1r/2p2p2/pp2b2p/2Pnp1pP/4p2R/PQ1P4/1P2PPP1/R1B1KBN1 w Qkq - 1 12
18,01557,01557,1r3r2/n1kbb3/3ppP1p/2p3pP/RPP1P1R1/3K2P1/4N3/1N2QB2 b - - 4 36
18,01558,01558,1r1r2k1/2p3p1/pN2pB1p/3p4/2n1n1q1/4PP1p/P2PK3/R4BNR b - - 1 24
18,01559,01559,rnb1kbnr/pppp1ppp/4pq2/3N4/8/8/PPPPPPPP/R1BQKBNR w KQkq - 2 3
18,01560,01560,r1b2knr/p4p2/2np1p2/1ppB3P/2P2P2/2q5/PP1QP2P/RN2K1NR b KQ - 1 18
18,01561,01561,3k4/4Rp2/p4P1p/1p1N4/3b2B1/NK4P1/P6n/R7 b - - 1 39
18,01562,01562,rnb1qb2/1p2p2r/5kpn/pp1P4/P1Q1p1P1/3P1P1N/1P2K2P/4RB1R w - - 1 18
18,01563,01563,rn3b2/1b3N1r/p3k1pP/8/PP6/1p5P/3KPqB1/B5R1 w - - 0 35
18,01564,01564,1rb1k1Br/3pp3/pp3ppp/2pqP3/2P4b/PPN1KP1P/5QP1/R5NR w - - 2 25
18,01565,01565,rnQBk1nr/p5b1/3p2pp/4pb2/pP3PPP/N3P2N/R1PR1K2/5B2 b - - 8 23
18,01566,01566,r3kbnr/1p3pp1/2p1b3/p1n1p1Rp/2Pq1P1P/Q2p4/PP1PP1P1/RNB1KBN1 b Qkq - 0 12
18,01567,01567,1r1qkbnr/3b4/2pP1ppp/pB2P3/np2PP2/P3B3/1P4PP/RN2K1NR b KQk - 0 16
18,01568,01568,br2qb2/p1pk1pp1/2n1pn2/3p1B2/P2P1PpR/1p2PN2/1PP3P1/RNB1K3 w - - 1 19
18,01569,01569,1n2k2r/rb4bp/5q2/pp1p1Np1/P2PPP2/1PQ2K2/7P/R5NR w - - 5 26
18,01570,01570,rn1q1b1r/4pp1p/pp1kNn2/QP1p2p1/P7/3P3b/R1P1PPPP/1N2KB1R b K - 4 15
18,01571,01571,rnbqkbnr/1pp1pppp/p7/3p4/1P5P/8/P1PPPPP1/RNBQKBNR w KQkq - 0 3
18,01572,01572,r1b1kb1r/pp1p1ppp/n3p2n/8/3pP2q/N2Q1P2/PPPK2PP/R4BNR w kq - 1 8
18,01573,01573,rnq1k1n1/5pp1/ppppp2r/3P1PNp/P2P4/1P6/2K1P1PP/2bQ1B1R b q - 0 15
18,01574,01574,r1bk4/p3r3/1p4p1/1NPpR1np/q2P1P1P/2BB4/P1PQ4/2R2KN1 w - - 5 30
18,01575,01575,r1bq1bnr/p1pppk1p/1p3p2/3P2p1/1n4P1/P1P5/NP2PP1P/R1BQKBNR b KQ - 0 7
18,01576,01576,1r2kb1r/2q1pp1p/1p1p2p1/p7/P1P2Pn1/1P4P1/3PP3/R1BQ1K2 b k - 0 20
18,01577,01577,rnbqk2r/1p1pb1p1/p3p2n/2p2p1p/P7/N1P2N2/1PQPPPPP/1RB1KB1R b Kkq - 1 8
18,01578,01578,rn2k2r/p4p2/b1pP2Pn/1NP1p1b1/4P1Pp/3PQP1R/P3NK2/2R2B2 w - - 0 26
18,01579,01579,r7/4N2p/pr2kpQR/R2p2p1/3PP3/4B1PP/4N1B1/n5K1 w - - 5 38
18,01580,01580,rnbqkb1r/1p1ppp1p/8/p1p3p1/PP4P1/1QP5/1B1PP1PP/RN2KBNR w KQkq - 0 9
18,01581,01581,rn3b1r/p3k1B1/4b3/1p3p1p/1P5P/P5PB/RKP1N3/4Q1R1 b - - 12 25
18,01582,01582,2b2b1r/r2np2p/p2p3P/Pp6/2p2kBP/RPP2N2/3PKPR1/1NB5 w - - 7 24
18,01583,01583,1r1qk1nr/4ppb1/1p3pNp/p1pP4/b3P1PP/1P3Nn1/P4P2/R1BK3R b k - 0 21
18,01584,01584,rn1qk1nr/p1p1p1bp/1p1p1pp1/2P5/6b1/NP5P/P2PPPB1/R1BQK1NR b KQkq - 1 7
18,01585,01585,r5r1/p7/2p1k1pp/1pnp1pB1/1PNP2P1/1b5P/1PP1N1P1/R2QKB1R w K - 1 30
18,01586,01586,r4b1r/1k2n3/p1p3p1/2np1pp1/pP3p1P/3P1P2/R3P1K1/4QB2 w - - 0 28
18,01587,01587,rnq1k1nr/3bpp1p/p7/1p1p4/2pP2Pb/NBP1PP2/PP1K4/R1B3NR w kq - 0 18
18,01588,01588,1nbqk2r/r2p3p/1p5n/p1p1pPp1/8/NP1P3P/P1P1PP1R/1R1QKBN1 w k - 0 12
18,01589,01589,r1bqk1nr/pp1pbppp/n7/2p5/4p1PP/2PP3B/PPQ1PP2/RNB1K1NR b KQkq - 3 6
18,01590,01590,r2q1br1/pp1k1ppp/B2p4/2p1p2P/5N2/BP5R/P1PP1nP1/RN1b1K2 w - - 2 12
18,01591,01591,Q4nr1/4k3/1P1p4/3P3P/R1p2p2/2P3bN/4K2P/1NqB1n1R w - - 0 35
18,01592,01592,r1bq1bnr/pppkppp1/n7/3p4/1P2N3/B1NP3p/P1P1PPPP/RQ2KB1R b KQ - 1 8
18,01593,01593,1rb3n1/p1bp4/1pp1k3/N3Ppp1/PP3QP1/2P4r/3nP2R/2BRKBN1 b - - 2 23
18,01594,01594,5bn1/r2n3r/1p2P1pp/2pbk3/p1Pp2PP/R2P1P2/4K3/1qQ2B1R b - - 0 31
18,01595,01595,2b1kb2/1r1p1pp1/3pn3/ppp2nNr/1P3B2/2N2B2/4PP1P/R1K4R b - - 10 27
18,01596,01596,rnb1k1nr/1ppp4/5qpp/p2Np3/5p1Q/b2BP3/PPPP1PPP/1RBK2NR w kq - 2 10
18,01597,01597,2rq3b/2pk3r/bnnpRp1p/6PP/1Pp3P1/p3P3/P2PK3/RNB2BNQ b - - 7 28
18,01598,01598,3Nk1n1/4bb2/p5np/1Pp1p3/5rP1/2BB3P/2PPR3/3K4 w - - 2 39
18,01599,01599,1n1qk2r/3b1n1p/rpp1pp1b/p2p2p1/P3P2P/N2B3Q/1PPP1PP1/1RB1K1NR w Kk - 2 13
18,01600,01600,r1bqkbnr/p1p1pppp/1p6/n2p4/7N/2P4P/PP1PPPP1/RNBQKB1R w KQkq - 0 5
18,01601,01601,r1b3qr/p2kb2n/7p/1pp2p2/3Np3/P1Pn2PK/R3NP1P/2Q1B2R b - - 1 30
18,01602,01602,3q1kr1/3n1p1p/1P2p2b/p2pP2P/Bnp1NB2/P5P1/RP1N1K2/6Q1 b - - 6 37
18,01603,01603,2b2bn1/1ppk2pr/1rnppq1p/p7/3PP1pP/5P2/PPP1K2B/RNQ2BNR w - - 2 16
18,01604,01604,r1b1k2r/p2pb1pp/3n4/1P2pPB1/2P1N3/2PPQ1PP/n5q1/RN1K1B1R b k - 4 25
18,01605,01605,r1kB3r/3n1p2/1Qb4n/2p2p1p/3pP2P/PPPP2P1/1R6/1K3BNR w - - 3 35
18,01606,01606,1q4n1/3pp3/2bP2r1/3k3p/p2P1b1P/N2K1P2/P7/R2R1B2 w - - 3 41
18,01607,01607,r7/2p2r2/q1P2k2/pP3B1p/P6P/B2K1Pb1/R7/1N4NR w - - 7 39
18,01608,01608,r1b3k1/3p1p2/ppp4r/4p1BP/4P2P/2P5/4PP1N/1NRK1BR1 w - - 2 20
18,01609,01609,rnb4r/1Npp1pk1/p6p/4p2n/1Qq3p1/P5PP/RP2PPB1/2BK2NR w - - 1 17
18,01610,01610,rnb1kb1r/p3qppp/1p2p2n/2p1P1Q1/8/PP6/2PPpPPP/RNB1K1NR w KQkq - 0 10
18,01611,01611,2b3r1/1r6/4k1pB/1pp3Pp/p3n1R1/P2n1P2/1q2N2P/1K3B1R w - - 2 39
18,01612,01612,2b1k3/1p1pr3/n1p5/3P2B1/1bP3P1/R4P1B/3Np3/4K1NR b K - 0 40
18,01613,01613,r1b3qr/1p1pkp1p/p2b2n1/2p2Q2/PPB1p1P1/B1P1n3/3N1NPP/1R2K1R1 b - - 1 19
18,01614,01614,r1b2k2/p6P/3nB2N/P2Pr3/1np1P3/5P2/4K3/q1B4R w - - 1 38
18,01615,01615,qnb1k1nr/r2p1p2/1p5p/1p3PRP/N3p1P1/P3B3/2P1P3/R2QKBN1 b Q - 3 24
18,01616,01616,6n1/rb1pn1b1/1p1k1pp1/p4p2/Pp3Pp1/1BPPP1P1/7r/RNB2KR1 w - - 4 29
18,01617,01617,3rk3/B1p4r/3p3b/2PPpp1n/2P1P1p1/N4P1P/Pqb2K2/R1QN1B1R w - - 2 31
18,01618,01618,5bn1/pr6/3p1P2/P1p5/k5pr/1N1B3p/2P1K3/B2R4 w - - 2 39
18,01619,01619,r2qkbnr/p1pnp1p1/1p1p3p/5p2/1PP1P3/1Q5b/PB1P1PPP/RN2KBNR w KQkq - 0 8
18,01620,01620,r1bqkbnr/p1p3pp/7B/1p1pp2P/1n1P2p1/5P1N/PNPKP3/R2Q1B1R w kq - 1 13
18,01621,01621,3q4/p3pk1r/1rp1N3/n2p1npN/PP2P1Pp/B2B3P/2PK1P2/1R2Q1R1 w - - 1 27
18,01622,01622,1n2N2r/6kp/b2Pr1pn/pp5P/2P2bpq/PP2PP2/R4R2/2BQKB2 b - - 2 22
18,01623,01623,r2qkb1r/ppp1pppp/2nN3n/5b2/5P2/1P6/P1PPP1PP/R1BQKBNR b KQkq - 0 5
18,01624,01624,1n2k1n1/r4pp1/1pp4r/p2p2Pp/3P1QqP/P1N1P3/2PB3R/R3KbN1 w - - 1 25
18,01625,01625,r2n1b1r/p1pkp3/q2P4/1b3pP1/p1Q4p/R1P1P2P/1B1P2P1/4K2R b K - 2 28
18,01626,01626,5rnr/p5k1/npp5/1P4Pp/K2pPP2/1P1P2pb/R2N1NB1/2B1R3 w - - 1 29
18,01627,01627,3r4/rb1pb2k/1p3np1/p1P1pPP1/P1P4p/2R2q1P/3B1n2/1N2KB1R b K - 0 30
18,01628,01628,rnbq1rk1/1p4pp/5p1n/3pp3/p1PbPNP1/B4P2/P6P/RN1QKB1R b KQ - 1 12
18,01629,01629,4kbr1/p2p1p1p/1r1p2pn/1pn3N1/2P1P2P/3B1P2/1K1N2P1/1R5R w - - 1 19
18,01630,01630,rnbqkbnr/p1ppp1pp/8/1p6/1PP2N2/5P1P/P2PP1P1/RNBQKB1R b KQkq - 0 6
18,01631,01631,rnbqkbnr/ppp1pppp/8/3p4/8/1P6/P1PPPPPP/RNBQKBNR w KQkq - 0 2
18,01632,01632,1n1q1b1r/rp1bk1p1/B7/p1p1pp1p/P5n1/1PPKPN2/3P1P2/RNB4R w - - 2 15
18,01633,01633,rnbqkbnr/p2p1p1p/1pp3p1/4p3/2P4N/8/PP1PPPPP/RNBQKB1R b KQkq - 0 5
18,01634,01634,2b3n1/3p3r/3k1pQ1/2p1p2p/1nP4P/2K1R1PB/4PP2/3r4 w - - 6 38
18,01635,01635,B7/5p1r/p5k1/1PQ1p3/P2PP2P/4n2N/3BKP1P/RN6 b - - 0 32
18,01636,01636,r1b2b2/p1Qp2r1/5k2/1B3ppp/PP2P3/R1p1B1P1/7P/1N1K2NR b - - 0 30
18,01637,01637,2b1kbnr/p1r1ppp1/np5p/3B4/PPpp2P1/3Pq3/R3PP1P/1NBQK2R w Kk - 0 15
18,01638,01638,rnbqkb1r/2ppp2p/p5pn/1p3p1P/3P4/1P2P2B/P1P2P2/RNBQK1NR b KQkq - 0 11
18,01639,01639,1R4n1/2r1k2r/1p1q2pp/pb1ppP2/1b2n3/4PQPP/N2B4/4KB1R w - - 6 38
18,01640,01640,1r1qr1Q1/ppp3b1/1n1p1pk1/4p2p/1P1P3P/P1N2P1N/3B1K1R/R4B2 w - - 0 37
18,01641,01641,rnbqkbnr/3pppp1/2p5/pp6/1PP4p/B7/P1QPPPPP/RN2KBNR w KQkq - 0 8
18,01642,01642,1nk5/1p3nbb/4pP2/1Npr3p/PPPP3P/3BRp2/5R2/2K5 b - - 1 40
18,01643,01643,rnbqkbnr/p1pp2pp/1p3p2/4p3/8/2P2P2/PP1PPKPP/RNBQ1BNR w kq - 0 4
18,01644,01644,1n5r/6kp/rp1N1pP1/p2N4/3ppBpR/6P1/PPPKP3/R3QB2 w - - 0 29
18,01645,01645,rnb1kbnr/pppp1ppp/8/1B4q1/4p3/4P3/PPPPNPPP/RNBQK2R w KQkq - 2 4
18,01646,01646,2r1kr2/2q1p2p/p1n1P1pP/1Npp4/2PP1Pp1/P7/1B5P/R2Q2KR w - - 1 23
18,01647,01647,1nb1kr2/3p1p1p/6p1/rpQ4q/P2NP1B1/R1NP2PP/nbP3KR/8 w - - 2 30
18,01648,01648,2k2rQ1/p4pBr/1p6/nbpP1P1p/2P1B3/P2K2PN/R1N4P/7R b - - 8 36
18,01649,01649,rn1qkb1r/p2p1ppp/bpp4n/4p1B1/2PP4/N2Q4/PP2PPPP/R3KBNR b KQkq - 3 6
18,01650,01650,1nb1kbn1/r3p2r/p1p2p1P/2q5/3p1PpP/N3P3/PPPP4/1RBQ1KNR b - - 0 15
18,01651,01651,r5nr/p1bk2Pp/bp1ppp2/3P2P1/1np1PP2/P6B/1PPN4/R1QK2NR w - - 0 22
18,01652,01652,r1b2k1r/1N1pp2p/1q5n/8/P2P4/1pPp2P1/1P3P1P/RN2K2R b KQ - 0 19
18,01653,01653,rn3bnr/1bk1p1p1/p1p5/1p1p2q1/3PPN2/P1P3pP/RP3PBR/1N3K2 w - - 0 20
18,01654,01654,1rb2b1r/2k5/1p6/BPp1p1p1/PRp1pqn1/3PPB1R/5P2/Q3K3 b - - 7 29
18,01655,01655,r1bqkbnr/1pp1pp2/3p3p/p5P1/1nPP4/4B2P/PP2P1PK/RN1Q1BNR b kq - 0 9
18,01656,01656,rnb2bnr/2pk2p1/p3p2p/1p1p1p2/1P5P/B2N1P1B/P1PPP2P/RN1QK1R1 b Q - 1 10
18,01657,01657,1nb1k3/r4pbr/3pp1p1/p1pnq1Qp/Pp2PP2/2PP4/RP1N2BP/2BKN2R b - - 0 25
18,01658,01658,r1b1kb1r/pB4p1/5p2/2ppp2p/1R3Pn1/2PP1NPP/q1PQP3/1NB2K1R w kq - 0 15
18,01659,01659,rnbk1b1r/3q4/p1ppp1pB/1p3pNP/1P1P1P2/P2K4/2P1n2P/RN1Q1B1R w - - 0 15
18,01660,01660,1r2kn2/1pp2p2/4p3/p2pP1B1/P1bn2R1/3PP1P1/1P4P1/3B1K2 w - - 4 32
18,01661,01661,q3Nr2/p2Q2pk/1b5p/1p6/2p2BQ1/PPP2P2/2K1n1bP/5BR1 w - - 1 33
18,01662,01662,b2qk1nr/2p1p2p/2n3pb/1pPp1p2/pP3PPP/N1Br4/P3PKR1/RQ2NB2 w k - 2 21
18,01663,01663,1nbqkb1r/1ppppp2/1r5p/p2n4/P2PPPp1/8/2PB1KPP/RN1B1QNR w - - 0 18
18,01664,01664,2rq3r/3kNn1p/1p1p2n1/p2pQ3/4p2N/PPR5/2PB1Pb1/R2K4 b - - 0 29
18,01665,01665,rnb1kbnr/ppp3p1/4pp1p/6q1/1P1pN2N/P7/1BPPPPPP/R2QKB1R w KQkq - 0 9
18,01666,01666,rnbqkbnr/pppppp1p/6p1/8/4P3/P7/1PPP1PPP/RNBQKBNR b KQkq - 0 2
18,01667,01667,rnbk1b2/pp2pppr/1q1p4/1Bp3Pp/1P3Pn1/2N1PNKP/PBPP4/1R1Q4 b - - 4 18
18,01668,01668,rn2bk2/Np2nr2/2pQ4/p1b1ppP1/P1B4p/1PP1P2P/RB1P2P1/4K1NR w - - 1 25
18,01669,01669,1n1R1bn1/1p3ppr/1r5p/3Qp1k1/P1P5/2NPp1P1/1q2P1RP/R3KB2 b Q - 0 24
18,01670,01670,1rb2bnr/2n1p1pp/2p2p1k/p2p4/Pp2qPP1/N1BP3N/1PP1P1BP/R1Q2K1R b - - 2 17
18,01671,01671,rn3rk1/ppp5/n7/4ppp1/PPPpb1p1/B6N/1R1PQPR1/1N1K1B2 b - c3 0 20
18,01672,01672,Nb1r2n1/5k2/1q3Nnp/pp1bp3/1BP1P2p/1P1P4/P4P1P/2RK1B1R w - - 2 29
18,01673,01673,rn3b1r/p5p1/2p1p2n/pPPp1pk1/N6p/R4KPP/3P1P2/q1B2BNR w - - 3 27
18,01674,01674,r4k2/Pp5p/1n1b4/3B1PpP/3p2n1/N1r1Rb2/PQ5P/6K1 b - - 3 30
18,01675,01675,2r4r/1p1k1pbp/2p2np1/3p1n2/P1PPpP2/qQ4PN/RB1NP2P/5K1R b - - 0 23
18,01676,01676,r2qk2r/ppp1ppb1/5p2/3P3p/bn1P2P1/5P1B/PP2P2P/RN1QK1NR b KQkq - 0 12
18,01677,01677,r1bqkbnr/p3pp1p/2np2p1/1pp5/1PPB1PP1/8/P2PP2P/RN1QKBNR b KQkq - 3 6
18,01678,01678,rn2kbr1/2p3pp/p7/3Bp1p1/5P2/p1q1PN2/P1PP1KPP/1RB4R w q - 1 20
18,01679,01679,r4b1r/p2pkpp1/1Pbp4/4P2p/2qNn1PK/Rn2PB1N/1PP4P/2B2Q1R w - - 1 24
18,01680,01680,r3k3/p5r1/P3b2n/P2Pp1B1/2p3PP/2R1P3/5PBN/1N1K4 b - - 4 37
18,01681,01681,4kbnr/r1qb1p1p/8/pp1p2pP/P3PpN1/2P5/1PnKB1P1/RNB4R b k - 1 22
18,01682,01682,rn2kb1r/pq2p3/1pp5/3p4/3Q4/1PP1P2p/P1K2n2/RNB2bNR w kq - 0 19
18,01683,01683,2b5/r1kpr3/n3np1b/6p1/p2NP1P1/3P1P1P/P1K5/RN4R1 w - - 0 33
18,01684,01684,rnbqk1rn/6b1/pp1Q1p1p/2p3P1/1P4P1/8/P1PP3P/R1B1KBNR w K - 1 18
18,01685,01685,1rb1kbnr/p2ppp1p/n1p3p1/1p1P3P/2P5/q6R/PP1QPPPN/RNB1KB2 b Qk - 1 9
18,01686,01686,rnbqkbnr/p1pppppp/1p6/8/5P2/8/PPPPP1PP/RNBQKBNR w KQkq - 0 2
18,01687,01687,r1b1kbnr/pp2q3/4pppp/PPpQ4/2PP2P1/5P2/3P3P/RNBK1BNR b - - 0 15
18,01688,01688,rnr5/4k1Bp/p1p1bp2/R2p4/1PQPp3/5PP1/4P3/2N1KBNR w - - 5 39
18,01689,01689,r1b3nr/pp1pbpkp/2P1p1p1/8/P1Pp1q2/B1N2P2/2Q1P1PP/R3KBNR w KQ - 3 12
18,01690,01690,rn3b1r/ppp1kpp1/3p3n/4p1pq/4b3/2PP2PB/PP2QK1P/RNB4R w - - 0 16
18,01691,01691,rn1qkbnr/ppp3pp/4b3/4pp2/1PNp4/2P1P3/P2PNPPP/R1BQKB1R w KQkq - 2 7
18,01692,01692,rnb1k2r/1p1p1nb1/1q2pppp/2p2PB1/p2P2P1/N3P3/PPP4P/R2QKBNR b kq - 1 12
18,01693,01693,1n3N2/1b4k1/p1pB3p/3ppB1p/P1pP3R/5K2/1P4P1/2NR4 w - - 1 41
18,01694,01694,r3k1nb/p1p1pp1p/B1n5/3p4/P3PP2/1PNK3p/2PP3R/R1B3Q1 b q - 2 25
18,01695,01695,rnbk4/3p4/2p1p2r/P2P1p1P/1pn2p1R/R3q3/2K5/b5N1 w - - 3 36
18,01696,01696,rnbqkbnr/1ppppppp/p7/8/8/5N2/PPPPPPPP/RNBQKB1R w KQkq - 0 2
18,01697,01697,2r4r/n1pq1kbn/1p6/pB1p1p1p/PP4Pp/R1B1PP2/2PP4/3QK3 b - - 0 26
18,01698,01698,1r2kbnr/2pqnppp/b2p4/pP2p3/6PP/1P1PPN2/R1PKBP1R/1NBQ4 b k - 3 14
18,01699,01699,1rb1kb1r/p1p3p1/1p5p/2Ppppn1/N3P1nP/2Q2P2/qP1PB1P1/R1BK2NR w k - 6 18
18,01700,01700,r1bNr2B/2p5/3pp1pp/2P5/Pn2PP2/1k1B3P/3P4/R2K2NR w - - 4 30
18,01701,01701,r1b1kbnr/4p3/2nq2p1/p4P1p/1pP2P2/P1N1QN1P/1P1PK3/R1B2B1R b kq - 1 17
18,01702,01702,2rk1b1r/1bp2np1/1BPp1p2/8/Pp2PP1p/RP3N1P/2KPB1qR/1N6 b - - 9 31
18,01703,01703,rnB1kb1r/p1p1nppp/8/8/P2p2PP/1Pp1Pp1R/R1PP4/2BQK1N1 b kq - 1 14
18,01704,01704,r1bk1b1r/ppp5/5p1n/BP1P2p1/3P2B1/N1Q1Ppq1/P4N1P/3RK2R b K - 5 24
18,01705,01705,r1bk1br1/p4Q2/1p2p1p1/2p2n2/2p1P1BP/B5P1/P1n1NP2/1N3K1R w - - 4 21
18,01706,01706,rnbqkb1r/ppp1pp1p/3p2pn/8/8/1P3P2/P1PPPKPP/RNBQ1BNR w kq - 0 4
18,01707,01707,2bqk2r/r1p1b2p/1pn3p1/p2pp1nB/1PP4P/B1NPP1P1/P4P2/RN1K4 w - - 3 22
18,01708,01708,2b3nr/2knb2p/6p1/rpp1pP1R/P1PpP3/P7/R2PK1P1/1NB3N1 w - - 1 30
18,01709,01709,2b2Q2/5p2/2p1k2p/3r2r1/p2P1BP1/PP3B1P/4R2K/3nn1NR b - - 2 37
18,01710,01710,1n1qk2b/r3pP2/B1pp4/p3Pp1r/Pp1P4/R7/1PPN1PP1/1NB3KR b - - 0 18
18,01711,01711,rnbqkbnr/1p1p1ppp/4p3/pN6/Pp6/8/R1PPPPPP/2BQKBNR b Kkq - 1 5
18,01712,01712,1nbq1bnr/rp2pk1p/2p2pp1/p2p4/P1P1P3/5BP1/RP1P1P1P/1NBQK1NR w K - 0 10
18,01713,01713,rnbk1bnr/pp1p1p1p/B5p1/2p1p1q1/5P2/N3P2P/PPPPK1P1/R1BQ2NR b - - 7 7
18,01714,01714,r1b1kbnr/3p1p2/pq1p3p/1p4R1/1Pp1P2P/3B4/PBPP1PP1/RN1QK3 w Qkq - 0 16
18,01715,01715,r1bq1bnr/pp1ppk2/n1p5/7p/7p/2P1P1P1/PP1P1P1P/RNBQKR2 b Q - 1 10
18,01716,01716,rn5k/1p6/p3P3/1P1p3p/3P2p1/3Br1QP/R1N5/2B2K1R b - - 3 35
18,01717,01717,r1bk2nr/pp1n1ppp/2p5/3pp2P/3P2P1/b4P2/P1q1P1B1/RNBQK1NR b KQ - 0 11
18,01718,01718,rnbqkbnr/pppppppp/8/8/5P2/8/PPPPP1PP/RNBQKBNR b KQkq - 0 1
18,01719,01719,rnb2knr/1p1p2bp/pq3p2/2p3p1/3pP2P/6P1/PPPQKPRN/RNB2B2 b - - 1 12
18,01720,01720,r1bqkb1r/pp1np3/3p2p1/2p2p1Q/P1PP1P2/1nB4P/1P2K1P1/RN3BNR b kq - 3 11
18,01721,01721,b3k1nr/r1p1p2p/n5pb/p2p2N1/1qp3P1/1PP2P1P/Q2P1K2/1RB3NR w - - 3 23
18,01722,01722,4n1kr/r1n3q1/3b4/1p1p1B1p/1pPP1BpP/p4P2/P3P1NR/R2Q1K2 b - - 3 31
18,01723,01723,rn2kqr1/2p1p3/b1np3b/1P2BPpp/5P2/R1N4N/3PP2P/3K1BQR w - - 1 23
18,01724,01724,r1bqkb1r/pp1pp3/2p2pp1/8/1n2P1P1/N2P3B/PPPK1P1P/R1B3NR b q - 2 11
18,01725,01725,rnbqkbnr/p1ppp1pp/1p6/5p2/8/P1N5/1PPPPPPP/R1BQKBNR w KQkq - 0 3
18,01726,01726,4r1r1/p1p1bk2/4pN2/PpP3np/5P2/B3P1Pb/7P/RN2KR2 w - - 1 28
18,01727,01727,rnb2B2/p7/7r/1pbkpp2/5RPp/N2PP2P/1K3P2/4NB1R w - - 6 39
18,01728,01728,rn1k1bnr/ppp1pp2/6p1/7p/PP2p3/3PBPPb/2P1B2P/qN1QK1NR w K - 1 11
18,01729,01729,1rbq1br1/pppk1npp/n2ppp2/1N6/3PP3/2P2P1P/PP1KB1P1/R1BQ2NR w - - 3 10
18,01730,01730,rn3bnr/p2k1p1p/2p3P1/3P3b/3B4/P6P/3P2B1/RN2K1NR b KQ - 0 26
18,01731,01731,r1bqkbnr/p1pppp1p/2n5/1p6/2PP2p1/N7/PPQ1PPPP/R1B1KBNR w KQkq - 0 5
18,01732,01732,rnbqkbnr/ppp1pp1p/8/3p2p1/4N3/5N2/PPPPPPPP/R1BQKB1R b KQkq - 1 3
18,01733,01733,r2qk1nr/p2nb2p/b2ppp2/1pP3pP/2N5/1P3PPR/P1P1P1B1/R1BQ1KN1 w - - 4 13
18,01734,01734,rnq1kbnr/p1p1p1p1/7p/2p2p1P/2p1bP2/4P2R/PP1P2P1/RNBK1BN1 w kq - 2 12
18,01735,01735,rnbqk1nr/pppp1pp1/3bp3/7p/P7/2P4P/1PQPPPP1/RNB1KBNR b KQkq - 0 4
18,01736,01736,2rb4/pbqp4/2p2kr1/1pN2p1p/1P1PPPPP/1R3B2/P3KB2/3n3R b - - 24 38
18,01737,01737,2b1k1nr/r1p2p2/ppq1p3/n2p2pp/3PP1PN/bPP4P/P2K1P2/R1B1QB1R w k - 1 13
18,01738,01738,r1k3nr/p7/P1b1p3/N2N2p1/Pn5P/b1K4P/2P2P2/R5BR w - - 1 30
18,01739,01739,rnb1q1nr/pB1kp1b1/2p2pp1/3pP2p/1p3PPP/3P4/PPP2K2/RNBQ2NR w - - 0 13
18,01740,01740,1rb1kbn1/pp2pp1r/n1qP2pp/2p2P2/P6P/1P4PN/3PP3/RNBQKB1R w KQ - 1 11
18,01741,01741,r1b3nr/p2k1p2/n6b/PN2pP2/4P1p1/RPpP3p/2P5/4BKNR b - - 3 29
18,01742,01742,5rk1/4p1bp/rp2q3/p1pnNpp1/P2p3R/3PBPP1/1PP2K2/RNQ5 b - - 8 28
18,01743,01743,rnbqkb1r/3p1pB1/8/pp1Pp2p/2p2P1P/2N4N/PPP1P1P1/R2QKB1R b KQkq - 1 9
18,01744,01744,rnbq1b1r/pp1kp2p/3p1ppn/2p3P1/1P2P3/P6N/2PP1P1P/RNBQKB1R w KQ - 0 7
18,01745,01745,rnbq1bnr/1ppppkpp/p4p2/8/2B5/N3P1P1/PPPP1P1P/R1BQK1NR b KQ - 1 4
18,01746,01746,rn1qk1nr/1ppb2pp/B2b4/p2ppp2/P6P/R3PP2/1PPP2P1/1NBQK1NR b Kkq - 0 7
18,01747,01747,r4bnr/p2bp3/np5p/3p1k1q/PPPP1p2/5P2/1B1K2P1/RN4NR b - - 5 30
18,01748,01748,b1nrkr2/2pp2p1/p2Qq2p/1p1P4/1nBBP2P/P1P5/P3KPP1/RN1R4 w - - 6 26
18,01749,01749,rn1k1r2/6b1/5p1n/p2b2pP/PP1p3P/1P6/3NBP1R/RN1K4 b - - 0 25
18,01750,01750,5knr/2N2p2/p5p1/P2Np3/8/2pP4/1B1P2PP/n2K1B1R w - - 4 38
18,01751,01751,2b1k1nB/r4p1r/Pq1P4/2p2p2/pRB4p/4b2R/3P4/3K2N1 w - - 2 41
18,01752,01752,2r1k3/pp3N1r/n7/2pp2pp/nP3Nb1/P1R1pqP1/4P1BP/B3K2R w - - 0 33
18,01753,01753,rnbqkb1r/p1p3pp/1p5n/4ppP1/3p4/4P2N/PPPPQP1P/RNB1KB1R b KQkq - 3 7
18,01754,01754,3b2r1/1R5n/6kr/P3p1P1/P6p/3p3N/2qPB1PP/2B1KR2 w - - 1 37
18,01755,01755,1r1qkb1r/pbp1pppp/n2p1n2/1p6/P1NN4/1P1PP3/2P1BPPP/R1BQK2R b KQk - 2 9
18,01756,01756,1q2k2r/2r5/pppp1p1p/3b4/B2PNn1R/PPB1P1PN/2P5/4RK2 w - - 13 38
18,01757,01757,1nb2bnr/rpp1kp1p/3qp3/p5p1/8/8/PPPP1PPP/RNBQKBNR w KQ - 0 8
18,01758,01758,1nb1kb1r/r1pp1p2/pp2p2p/n5pq/3PB3/6P1/PPPQPP2/RNBK2NR w k - 2 15
18,01759,01759,rnb5/4kpqr/2np4/p1pP3p/P1P5/N3KP1p/4P1PP/Q1R2B1R b - - 7 33
18,01760,01760,r1br4/3p2p1/p2k3p/5pP1/pnPn3R/2NPK3/2P2PBP/B3RQ2 w - - 1 34
18,01761,01761,rnbqkb1r/2p3p1/3p3p/1p2pp1n/3P4/4P2P/PP1BBPP1/RN1QK1NR w KQkq - 0 10
18,01762,01762,rn2kbr1/pp3ppp/2b4n/1BpPp3/P6P/1PP1B3/4NP2/RN1QK2R b KQq - 0 15
18,01763,01763,r1bq4/3ppkbr/pp4pp/nn5Q/P1NPPP2/2P5/1P4PR/RNB1KB2 w Q - 1 21
18,01764,01764,4kr2/rp6/n1p4P/2R1pp2/P3N1Bb/3P3R/1PP2Pb1/4K3 b - - 0 34
18,01765,01765,rnb2b2/4pkrp/p4n2/2pp1p2/qP2NP1P/1Q1PRN2/PP2P3/R1B1KB2 w Q - 3 16
18,01766,01766,rnbqkbnr/1pppp2p/p7/5ppQ/2B1P3/8/PPPP1PPP/RNB1K1NR b KQkq - 1 4
18,01767,01767,rn1qkbnr/p1p1pp1p/1p1pb3/6p1/P7/3P4/RPP1PPPP/1NBQKBNR b Kkq - 3 5
18,01768,01768,1nbq1br1/3k3p/prppp3/P4ppn/R2PPPP1/2P4B/1B1K3P/1N3QNR b - - 6 21
18,01769,01769,q2rr3/p3kn2/3p1p2/1PP1P2p/1n6/P2QKNbP/1P1B3R/RN6 w - - 7 36
18,01770,01770,r3k2r/p1p1Bp2/b1np4/RP3PP1/1b5p/8/6KR/4Q3 w - - 2 40
18,01771,01771,r1bQ1b1r/1p1nqk2/p1p3pn/1PPpp3/1N1P1pp1/7N/PB2PP1P/3RKB1R b K - 7 19
18,01772,01772,1rb1k3/1ppp1ppr/p1n4p/4p1q1/2NPPb2/P3nP1N/1BP3PP/R1Q1KBR1 b Q - 3 16
18,01773,01773,1rb1kbnr/pp2ppp1/nq3P2/2pp3p/1P5P/3P4/P1PBP1P1/RN1QKBNR w KQk - 0 13
18,01774,01774,6r1/n1p2k1p/4bN2/rp1p2PN/1P1B4/p2P4/P2K1P2/1QR2q1R b - - 12 38
18,01775,01775,1rb3k1/1p3p2/1n2rP1p/P7/P1ppp2P/b3P1PR/R1PB4/1Q4K1 w - - 4 38
18,01776,01776,1nbbk3/5r2/r1P1p2p/PQ1n1ppP/6P1/3P1P2/2PK4/R1N2B2 w - - 3 37
18,01777,01777,r2qkbnr/1pp1ppp1/p3b2p/n2p4/5Q1P/BPP1P3/P2P1PP1/RN2KBNR w KQkq - 2 8
18,01778,01778,rnbqkbnr/pp2p1p1/3p1p1p/2p5/2P1P3/NP6/P2P1PPP/R1BQKBNR w KQkq - 0 5
18,01779,01779,3r2n1/3k3r/N1np3p/p3Q1b1/1Pp1p1P1/B1KB1P2/P4R1P/RN6 w - - 0 36
18,01780,01780,1nbqkbr1/2pp1pp1/rpn1p3/1N6/pP1P3p/P4P1P/2P1P1PN/1RBQKB1R w K - 0 13
18,01781,01781,1n1q1bn1/1ppkppp1/r2pb3/pP6/P5p1/4P1P1/1BPPKP2/RN1Q1BNR w - - 2 11
18,01782,01782,5N2/2pP2k1/p4p1p/bp6/PRP3B1/B1Q5/2N1N2n/4K2R b - - 0 36
18,01783,01783,1r1q4/pb1pkp1Q/n2b1r2/2p1p3/P1p2P1p/1PP1P3/2RP1NP1/B3KBR1 w - - 0 23
18,01784,01784,r1b1k3/1p1p4/p2b1r2/PP3pp1/2pN2Pp/5K1B/2PPP2R/1N1Q4 b - - 5 27
18,01785,01785,r1b1k2r/2p2N2/6pb/pp1p2n1/Pn2PPPp/N6P/2PP4/R1BQKBR1 b - - 1 21
18,01786,01786,1nb1q2r/1r1k2p1/1pp4n/pN2pPbp/P1pP4/2R2P2/1PQ1P1BP/2B1K1NR w K - 16 24
18,01787,01787,rnbqkbnr/p2pp2p/1p4p1/2p2p2/P1P5/R6P/1PQPPPP1/1NB1KBNR w Kkq - 0 6
18,01788,01788,r1q2B2/5p2/b3k2p/pp2p3/2p1P2P/P6N/P2RK1PR/5B2 b - - 0 29
18,01789,01789,6nr/2p1p3/2n2k1p/rP3p2/3PP1Qp/P7/R5PR/K1b5 w - - 2 33
18,01790,01790,rnb3n1/3pp2r/6Bb/pppq3p/2Pk1pP1/P7/1P1N1PP1/1RBQK1NR b - - 0 20
18,01791,01791,rn2k1n1/pb1pqpp1/2p4r/1p2pP1p/2PP3P/N3P1R1/P1QbB1P1/R1BK2N1 b - - 2 14
18,01792,01792,rnbqkbnr/p2pppp1/2p5/1p5p/P7/4PN2/1PPP1PPP/RNBQKB1R w KQkq - 0 4
18,01793,01793,r1bq1bnr/3p1p1p/p1p5/1p1Bp1P1/PQnk1PP1/N7/3PP2N/R1B1KR2 b Q - 7 19
18,01794,01794,5nr1/rp4k1/3PnNq1/6b1/Pp1B3p/1K5P/4P1P1/R4B1R b - - 3 37
18,01795,01795,rn2k2r/pb1nb1pp/p3p3/1qpp1pP1/P7/1N2P3/2PP1P1P/RNBQK2R b kq - 3 12
18,01796,01796,2q4r/2rnpk2/p1pp1n1p/8/P1p4b/R2PKPNp/1P1Q4/N2R4 b - - 6 32
18,01797,01797,1nb4r/2qp1k1p/B4p2/PPp3bP/p5p1/P2P1PN1/R1K3PR/6N1 w - - 3 29
18,01798,01798,2rqkbnr/1pn5/p3pp1p/3p1Np1/P3b3/1PP3PB/N1QPKPRP/R1B5 b k - 1 20
18,01799,01799,r1b4r/2p3p1/pb1k1nPn/7p/p3p2P/P1P2R2/RP3P1N/2B2NK1 b - - 3 27
18,01800,01800,r1b3r1/p1pn1p1p/2kbpnp1/3p2B1/RpPP2P1/5N1P/1P2PP2/1N1K1B1R b - - 0 15
18,01801,01801,8/qp1nrk2/2p1bp2/r4P1p/R2b4/BNN1p1pP/4P1B1/3KR3 w - - 2 32
18,01802,01802,r1b2bkr/2pp2pp/p1n5/1p2p1q1/P6N/3Bn3/1PPP1PPP/RNB1K2R w KQ - 1 13
18,01803,01803,2r5/4k3/p1P1pnpr/p6P/Pb4q1/R2p4/3PR3/1N1K4 b - - 1 37
18,01804,01804,2bqkb2/rp1pp2r/n7/p1p2p2/5p2/PP1PPP1R/1BP5/1RQNKB2 b - - 0 20
18,01805,01805,r1Q2b1r/p1p1pppp/1p4kn/2q5/3npBbP/P5P1/RP2NP2/1N1K1B1R w - - 0 18
18,01806,01806,rQb3n1/2pp2b1/2n1pp1r/p5pp/1PB2kP1/P2q1N2/2PP1P1P/RNB1K1R1 b - - 5 21
18,01807,01807,r1b2knr/pppp1ppp/n3p3/2P1b3/3q1P2/1P2P3/P2P3P/RNB1KBNR b KQ - 0 10
18,01808,01808,2bn3B/rpp2kqp/p2bp3/P1Np1n2/1P1P1PpP/5PP1/B1PKN3/R1QR4 b - - 6 27
18,01809,01809,2brqb2/2pn4/pN3k2/3P1n1P/3N1Pp1/4P2P/PP1P4/1RB1KBR1 w - - 0 22
18,01810,01810,r2k1nnr/pb3pp1/2p1p2p/3p4/2BPPNQ1/P3K2P/RPP3P1/1N2b2R w - - 10 20
18,01811,01811,qr3b1r/4p3/bppk3p/p2pNP1n/6P1/N7/PPPPB2P/R1B2K1R b - - 3 28
18,01812,01812,2r2bnr/p2qp1k1/2pp3p/1pn3B1/P1b1P1B1/N2PK3/1P1Q1P1P/4R1NR b - - 4 20
18,01813,01813,1r1q1k1r/5p1p/p1pP3b/QP2p1p1/3P4/1K3PPN/1PPBNn1P/R5R1 w - - 1 26
18,01814,01814,6k1/Qq1p1p2/4p2b/pPn1P1B1/6pp/5bP1/RPNKNP1P/5BR1 w - - 0 30
18,01815,01815,r1bqk1r1/p2p1ppp/n4n2/bpp1p2P/PP1P1B1R/R1P2P2/3QP1P1/1N2KBN1 w - - 0 14
18,01816,01816,2b1k1Nn/2p5/p1P3r1/1p1p1P1p/PP2R3/2P5/3KP3/R4BB1 b - - 7 39
18,01817,01817,r1bqkbnr/p1pppppp/8/1p2n3/3P1B2/8/PPPQPPPP/RN2KBNR w KQkq - 0 4
18,01818,01818,2b1kbnr/1r1p2p1/1Qp1pp1p/2PnqP2/pPB1P3/N6P/P4KP1/R1B3NR w - - 2 22
18,01819,01819,rn1r4/2k1p1Bq/1ppp3P/p2b4/P2P4/QP5p/3N1PBP/2N1K3 w - - 7 37
18,01820,01820,r1bqk1nr/pp1p1pBp/n1p1p3/3P4/8/3K2b1/P1P1PPPP/RN2QBNR b kq - 5 9
18,01821,01821,r2q1k1r/2Rn1p2/p6n/3b1PP1/3Pp2p/b1P4N/p1Q1P1P1/3K1B1R b - - 0 29
18,01822,01822,4k3/p1Q2pr1/2pb4/1pP4P/1P3p1P/3Bp3/P2N4/R3K1N1 w - - 3 33
18,01823,01823,r4rk1/1b1ppnb1/n1p4p/1p1q1P2/1P2PP2/P1N4P/R1PP2K1/2B3NR b - - 0 21
18,01824,01824,1rb1kb2/1pppn3/1P6/Q1n1pP2/3P2p1/2PB2P1/P1K1N3/1R5q w - - 1 25
18,01825,01825,rnbqk1nr/ppppppbp/8/6p1/1P6/P6N/2PPPPPP/RNBQKB1R b KQkq - 0 3
18,01826,01826,rnbq1br1/pp1pp1pp/4kp1n/2p5/3PPP1P/NP5R/P1P3P1/R1BQKBN1 b Q - 2 9
18,01827,01827,rnb1kr2/pp1pn2p/B1p4b/4pppq/1P6/B1N1PP1P/P1PPN1P1/R2QKR2 w Qq - 3 11
18,01828,01828,5k2/2pb1n2/5b2/1p3n2/NpP2K1p/1Q2P2P/r1B4R/4r1N1 w - - 1 38
18,01829,01829,r1b1k1nr/ppn2p2/4p2p/2ppP1p1/2PP2PP/3q3R/PB1NPK2/R2Q1BN1 w kq d6 0 16
18,01830,01830,2b4r/r2p1kb1/n1p2P1p/1q2p3/pPp3P1/N4B1n/P2P4/R1B2KNR w - - 1 36
18,01831,01831,rn2kbnr/1pp3pp/p4p2/3p4/3P1P2/P1qNP1Pb/1PP1K2P/RNBQ1B1R b kq - 2 9
18,01832,01832,nr6/3k4/8/ppq2Ppr/6Rp/4P3/1BPP1P2/3K3B b - - 1 37
18,01833,01833,r2q2n1/p1pp4/b3k2r/1pbNpp1B/4P2P/2R2NP1/1PPP4/2BQK2R w K - 1 19
18,01834,01834,4kNr1/4p2p/Q1p2ppn/p2p3b/n2P4/1P4PN/4PPBP/R1B1KR2 b - - 0 27
18,01835,01835,rnbqkbnr/ppppppp1/8/7p/1P6/8/P1PPPPPP/RNBQKBNR w KQkq - 0 2
18,01836,01836,1Q2k1r1/5p1p/r1n2qpn/2b1p3/3ppP2/PbpN2KB/6PP/R1B3NR b - - 4 21
18,01837,01837,rnb2knr/3pqp1p/4P2b/pp6/2pP1Pp1/1PP5/P3K1PP/RNQ2BNR b - - 1 14
18,01838,01838,r1b2b1r/1p1pk2p/3q2p1/p1p1PpP1/P1P5/1P1Q3B/nK1BPP1P/RN4Nn b - - 1 21
18,01839,01839,r1bqkb1r/p1pppppp/n6n/1p6/2B1P3/P7/RPPP1PPP/1NBQK1NR b Kkq - 1 4
18,01840,01840,2b1kb2/Nr1p1qr1/p6p/2p1p1p1/1PB2p2/P3PPP1/R1P4P/B2K3R b - - 1 33
18,01841,01841,1nb2b1r/1p1k1ppp/r2pp3/8/2pPP3/PpN2P2/R1PKQqBP/2B4R w - - 0 17
18,01842,01842,rnbb1kN1/1p1q4/1p2p3/2pp1B2/2PPp2p/8/P2N1Q1P/R3K1NR b - - 4 34
18,01843,01843,1nk2b1r/1pp3p1/2P1p3/r2B4/1PN1pPRn/3R3b/3PP3/2B1K3 w - - 1 35
18,01844,01844,3r1nnr/2k5/2p5/1p1P1ppp/p1b2P2/1Q5q/1P1BP1PP/RK3B1R w - - 0 23
18,01845,01845,rnbqkbnr/pppp1p1p/4p3/6p1/8/P1N5/1PPPPPPP/1RBQKBNR b Kkq - 1 3
18,01846,01846,rn1qkbnr/ppp1pppp/3p4/8/6b1/1QP5/PP1PPPPP/RNB1KBNR w KQkq - 2 3
18,01847,01847,2b3r1/n3kn1p/rp3p2/p1P2p2/PqPP1pP1/7N/1B1R3P/1N2KB1R w - - 1 24
18,01848,01848,r1bqkb2/N1ppp3/4Q3/1pn5/PP4Pp/1R6/2PPnr1P/2B1K1NR b Kq - 0 19
18,01849,01849,rnbq1b2/3pp3/pPp2p1k/P6p/4nP1P/1P4r1/R2PP1P1/BN1K1BNR b - - 6 17
18,01850,01850,4k1r1/PR1n4/3p3P/4p2p/P2Pp2P/R3Pp2/2P5/2B1K3 b - - 2 35
18,01851,01851,2bq1rk1/1p2p1np/3Q4/r1p4p/8/1PP3PN/1B1P1P2/1N3R1K w - - 3 27
18,01852,01852,5rnr/6pp/b2ppp2/P2p1P1k/2PP4/4N2P/3QPKP1/5BNR w - - 0 27
18,01853,01853,6nr/5pkp/2r1P3/pp3bP1/1p2p1n1/PqP2P2/3K2B1/R3Q1BR b - - 1 36
18,01854,01854,r1b1k2r/pp1pppbn/n7/2P3pp/P2P1P2/2N1P3/RqPKN1PP/Q4B1R b - - 4 12
18,01855,01855,1b3rnr/p2p2p1/4kp2/P1pqp3/1nb2QPp/1NPPPP1P/1P2BK2/R1B3NR b - - 1 28
18,01856,01856,rnbqkbn1/ppppppp1/7r/7p/Q1P5/8/PP1PPPPP/RNB1KBNR w KQq - 2 3
18,01857,01857,2b2br1/1p1k1pp1/Qq1P4/p1pnp1Pp/P1NPPn2/R6N/1P1K1P1P/2B2BR1 b - - 6 22
18,01858,01858,2b1k1nr/1pp2pp1/r1npq3/p6p/PP2p2P/2PQb1P1/3P1P2/RNB1KBNR w k - 0 14
18,01859,01859,3bk3/Rb3p2/n1NpP1pn/8/8/3P1pp1/1P3PrB/5K2 b - - 0 40
18,01860,01860,1qbk1br1/1p1Pp1Np/5n2/p1p2p2/P6K/7N/1PrPQ2p/R1B4R w - - 2 28
18,01861,01861,1r2k3/pb3ppr/5n2/3pqR1p/2P2p1N/1P2bNP1/4B2P/2B1K2R b - - 0 28
18,01862,01862,5kr1/3r2p1/p7/3b1P1p/Ppp1n3/1P1P4/3N1PN1/R3K2R b - - 7 34
18,01863,01863,r4b1r/2p1q1k1/3pbppp/8/pP1P1pQ1/P2K1BP1/2PN3P/R1B3NR b - - 1 25
18,01864,01864,r1bqkbr1/pppp2pp/4pp1n/1Q2P3/1n6/5P2/PPPP2PP/RNB1KBNR w KQq - 0 7
18,01865,01865,2r1kb1r/pbnp1pp1/n4q1p/4K3/pPpP4/2P2PPP/2R1P1B1/2B1QNNR w - - 2 24
18,01866,01866,rq3bbr/p1pkn1pp/7n/2p1P1PP/Pp2Pp2/2Q2P2/1P2B3/RNBK2NR b - - 1 21
18,01867,01867,r1bk1bn1/2pqp3/3p1p1r/pNP1B1pp/QP4PP/P4P1R/1K1nP3/3R1BN1 b - - 0 17
18,01868,01868,2b1kr2/prp2p2/1pnp3b/1P2p1N1/2P2qp1/N5P1/P1BPP2P/n1BQKR2 w - - 2 24
18,01869,01869,rn3b1r/4p1kp/1q4p1/2ppp1P1/p1P3P1/1P1BP3/3PKP1R/BR4N1 b - - 1 25
18,01870,01870,1n2k2r/r7/p4n2/P1pN2pp/2P1pp1P/B7/3P4/1B1R1KR1 b - - 0 35
18,01871,01871,r1b2b1r/2pk4/n4N2/pqP1Pppp/p6P/4nKPR/PP1P1P1N/R1B5 b - - 2 26
18,01872,01872,2n5/2bp1qpr/1p6/P1Q2pk1/3Pp2p/N2bP3/PBPR2BP/R2N3K b - - 11 38
18,01873,01873,rn1qkb1r/pppbnpp1/7p/8/2P2p2/7P/PP1PP1P1/RNB1KBNR w KQkq - 0 6
18,01874,01874,r1b3nr/1p1pbk2/Bqn4p/3PBP2/4P2p/N1P2P2/3QK1R1/R5N1 b - - 0 22
18,01875,01875,4k3/2nb3N/2P1p1p1/prb2p1p/p3pPP1/P5P1/2K5/R1BR4 w - - 1 38
18,01876,01876,rnbqkb1r/p2p1ppp/5B2/1pp5/1P1P3P/2N4Q/P1P1P1P1/R3KBNR b KQq - 3 13
18,01877,01877,1rnqkb2/p1p1pp1r/3p2p1/Pp1n1b1Q/1P2PP2/4N1NP/2PP2P1/R1B1KB1R w KQ - 1 15
18,01878,01878,3k2r1/5pbp/4p2n/2p1n1p1/1rPpPN1P/P7/1PKP1PN1/1RB2B1R w - - 1 32
18,01879,01879,r3kb2/5pr1/n3p2p/p2p1bp1/RNPqn1P1/2P2P2/3Q1N1P/3B1K1R b q - 2 25
18,01880,01880,2r1kb2/ppnq4/2b3r1/2Bppp2/P1PP2Q1/1P1BP3/4KP2/R5N1 w - - 5 30
18,01881,01881,2q1k2r/2p4p/6nb/1p1ppbpQ/1P1Ppn1P/r2B2P1/P2K4/RNB1N2R b k - 5 23
18,01882,01882,rnbqk3/2ppn3/1p5r/6Pp/p2P1pP1/P1P2NB1/P3Pp2/RN1K1B1R w q - 0 19
18,01883,01883,1qb2bB1/4k2r/p6p/1Ppp1p1P/3P2p1/2PKPNn1/2Q2P2/2B3NR w - - 0 34
18,01884,01884,Bk2rQ1r/p2P4/q7/1pP2npp/6R1/1n3P1P/2PN2K1/2B3NR b - - 2 33
18,01885,01885,rnbqk1nr/pppp1pp1/8/4p2p/4P1P1/b4P2/PPPP3P/RNBQKBNR w KQkq - 0 4
18,01886,01886,r4b1r/p3kp2/n5p1/1ppPpbPp/4p1PP/PP2R2N/R1Q1P3/4KB2 b - - 1 24
18,01887,01887,r4bnr/pbp1pk2/6p1/5Pp1/1pp5/PnN1B2N/1P2KP1P/1R1q1B1R w - - 2 18
18,01888,01888,1rbqk2r/2pnb1pp/pp1pp3/5pP1/n6P/NP2PP2/P1PPN2R/1RBQKB2 b k - 2 18
18,01889,01889,1r1q1nnr/p4k2/1pp2p1p/2PppP1p/3PP1b1/QP4PR/P4B2/RN2KBN1 w Q - 1 19
18,01890,01890,1rbk1N1r/ppp5/nn3p1p/3p2QR/P3p1P1/N1PPB3/2R1B3/3K4 b - - 1 23
18,01891,01891,rnb1kbnr/1p2ppp1/Bq1p4/2p4p/4PP2/7P/PPPPQ1P1/RNB1K1NR w KQkq - 2 6
18,01892,01892,B7/4knr1/3Rq3/pN2b1pp/p2p1p2/2PQ3P/1R2KP2/6NR w - - 4 41
18,01893,01893,2rqkbr1/pp5p/2pp3P/4pp2/P1P2P2/QP1N2p1/R3P1P1/1bB1KB1R w - - 0 25
18,01894,01894,rnbq3r/1p1kbp1p/p1pppnp1/8/1P2PPP1/2N2Q2/P1PP3P/R1B1KBNR w KQ - 2 9
18,01895,01895,1rb1kb2/ppp4r/2n2pPn/3pp3/1P1PP2p/N5P1/P1P1NR2/R1BQKB2 b Q - 0 14
18,01896,01896,1q3b1r/pBp1p1pp/b2k3P/1P6/2PnP1P1/p4N2/5P2/RNB1K2R b - - 0 28
18,01897,01897,rnbqk1nr/pppp2pp/4p3/8/1b3p2/2NPP3/PPP1BPPP/R1BQK1NR w KQkq - 1 5
18,01898,01898,1rbqkbr1/1pppn2p/3nN3/2P4P/1p3p2/2NP3R/P2QPPP1/R1BK1B2 b - - 0 15
18,01899,01899,rn3bnr/1p2kp1p/3p2p1/p1p3P1/b3PP2/N3P2N/q3Q2P/R1B1KBR1 w - - 0 19
18,01900,01900,rnb3nr/1pp1bk1p/8/p2qppp1/3P3P/P3QP2/1PP1N1P1/RNB1KB1R w KQ - 0 12
18,01901,01901,rn2k2r/pbp2ppp/Pp1pp2n/3P2q1/5b1P/4P3/1PPB2P1/RN1QKBNR b KQkq - 0 11
18,01902,01902,rnbqkbnr/pppppp2/8/6pp/4P1P1/8/PPPP1P1P/RNBQKBNR w KQkq - 0 3
18,01903,01903,r7/2kq4/2npp1Bb/pppP2B1/1P5P/2NK2p1/P1P1PQ2/1R2Q1NR b - - 7 23
18,01904,01904,rnb1k1nr/p3p2p/qp1p2p1/2p2p2/4PbPP/P2N1P1B/1PPP4/RNBQK2R w KQkq - 5 10
18,01905,01905,2b1k2r/2pp1p2/2n3p1/1pPnp1P1/pN3P2/1P1P1N1B/P3PKRP/R1BQ4 b k - 0 28
18,01906,01906,2bk1br1/pr4pp/npp1pp2/5NN1/PP3P2/3P2P1/qB1P3P/2RQKBR1 b - - 0 24
18,01907,01907,rn1q1rk1/pb1pp2p/2p4n/bP2B3/5p1p/PP1P2P1/2QNPPB1/3RK1NR b K - 0 14
18,01908,01908,r1bqkr2/pp2n3/2np2pp/1Qp2p2/3b2P1/1P1P1P1N/P2NP1BP/R1B1K2R b KQq - 1 14
18,01909,01909,r1bqkb2/pB2p3/1p2rn2/3P1p1p/2pPPR2/4n2N/2NB2PP/R5K1 w - - 4 24
18,01910,01910,4k3/2q1b1pr/4r1p1/Rppppb2/3PPpn1/1pP5/1B3PBP/2K3NR w - - 3 28
18,01911,01911,rnbqkbnr/2ppp1p1/pp5p/5p2/P6P/6PR/1PPPPPB1/RNBQK1N1 b Qkq - 1 5
18,01912,01912,1N2k2r/3p4/q1nbp3/1bp1Ppp1/1rP1n1P1/3B3Q/1P1P1PNP/2B1K1R1 b - - 2 28
18,01913,01913,r1n1k3/p7/6p1/2p4r/1NR1P3/4BN1B/b2pKP1P/5R2 b - - 1 39
18,01914,01914,3qQb1r/r1N3k1/4p3/1n4B1/p1Ppp2p/P3nN1P/1P3PP1/R3KR2 w - - 4 31
18,01915,01915,rnbqkb1r/1ppp1p1p/4p2n/4P3/p5p1/P6N/1PPPKPPP/RNBQ1BR1 w kq - 0 7
18,01916,01916,r1bqkb1r/p1p1pppp/n6n/1p1p4/P2P4/4P3/1PPBNPPP/RN1QKB1R b KQkq - 1 5
18,01917,01917,r2n4/q3k1p1/2b5/pPppb3/P1N2nP1/1P1PK2P/Q3P1R1/3R1B2 w - - 1 32
18,01918,01918,rnb2bn1/p2pk1p1/1pp1P3/q1P2B2/2Q2P1p/3P4/PPN4P/R1B2KNR b - - 2 20
18,01919,01919,r1b2bnr/1p1nk2p/p2q1pp1/2p1p3/2BRP1QP/BPN5/P1PP1PP1/R3K1N1 w Q - 4 11
18,01920,01920,1nr4k/rb3p2/2pb4/1B2p1B1/3P3p/1PP2pP1/5PP1/RN2KR2 w - - 0 36
18,01921,01921,rnbqkbnr/pp1ppp1p/2p3p1/8/P1P5/1Q6/1P1PPPPP/RNB1KBNR b KQkq - 1 3
18,01922,01922,1r3k1r/pbp3bn/8/1p1Bppp1/1n1q1PPR/1NPP4/PP2P3/R2QK1N1 w Q - 0 25
18,01923,01923,r1bk1rn1/ppppb2p/n7/1P2P3/3PPBp1/6PP/P1P3B1/qN3KNR b - - 1 21
18,01924,01924,rnbqkbnr/p1pppppp/1p6/8/8/8/PPPPPPPP/RNBQKBNR b KQkq - 1 2
18,01925,01925,rnbqkb1r/p1p1pppp/8/1p1p4/1P2n2P/4P3/P1PP1PPR/RNBQKBN1 b Qkq - 0 5
18,01926,01926,1r2k1r1/1qpbp3/pPn2b1p/3p1pp1/4PR2/2PP4/1P3K1P/N1B2BNR b - - 6 26
18,01927,01927,6nr/2p1k1Bp/2Q5/pb2pPpP/3P4/1P1qP3/3N1PR1/b3KB2 w - - 1 34
18,01928,01928,6kr/r1B4p/n1b5/2pppp1P/5Pp1/1P2n3/P1PNB3/RK5N b - - 1 36
18,01929,01929,r3k1n1/7N/b7/p1pp1pR1/P2n1P1r/3P4/RPP5/1NBK4 w - - 0 36
18,01930,01930,r1b2k1r/1p1nNp2/3ppP1p/2b3p1/p1p3P1/Qq2B3/PP2P1BP/R4KNR b - - 1 25
18,01931,01931,r2qkb2/pbppp1pr/1p4nB/7p/1QNPp3/5NP1/PP2KP1P/R4BR1 w q - 4 17
18,01932,01932,rnb2b2/ppp4r/4ppkn/R3q2p/2P3p1/3PP1P1/1P3P1P/1NBQKBR1 w - - 1 19
18,01933,01933,2bqr3/rp1pb1k1/2p2ppp/p1N1pP1P/N4P2/P1P1Pn2/1P3K2/1RB1QB1R b - - 0 19
18,01934,01934,rnb1kb1r/p1pp2pp/1p2p2P/8/5p2/P4P2/1PPPPNBP/RNBQK2R b - - 0 11
18,01935,01935,1nb1kr2/rp1p2pp/p1p4n/6P1/1P3p2/P1PP2P1/1B2P3/1R2KBNR w - - 2 19
18,01936,01936,rn2kbnr/p3p3/2pp1pp1/1p2Bq1p/1PPP3P/N7/P1b2PP1/2K2B1R b kq - 0 18
18,01937,01937,rnbqkb1r/1ppp1p1p/p3p3/6p1/2P1n2P/5N2/PP1PPPP1/RNBQKB1R b KQkq - 1 6
18,01938,01938,rnb2k1r/7p/p1pbP1n1/2pp3p/8/PQ2P3/1P1PNK2/RNB5 w - - 4 27
18,01939,01939,2r2bnr/pp6/n1b2kpN/1Pppp3/3P4/P1N1BPP1/R1P1P2P/3QKB1R w K - 1 22
18,01940,01940,r1k4q/1b2r3/p1Bb4/2p1P3/P1p1P1Pp/2N2p1P/2KB1P2/1R4NR w - - 5 38
18,01941,01941,1n2k3/1p1bp1b1/Bp2r2P/rq2pp2/2PpP3/3R3P/1BQP4/1N1K4 w - - 1 28
18,01942,01942,3q1bnr/r1p1pk2/b1np2p1/p6p/PpP2pPP/1PB1PP2/3P3N/RN1QKB1R b Q - 1 14
18,01943,01943,r3kbrR/2qb2p1/2n5/ppppp1p1/P3Pn1P/1PP5/RB1P2B1/1N2Q1KR w - - 1 23
18,01944,01944,1rbk1bnr/ppp3p1/2n5/3p1p1p/3p1P2/1P2q2N/P1PBP1PP/RN1QKB1R w Q - 2 13
18,01945,01945,n7/pp3k2/2rP1pr1/1Bp1p2P/4b3/NP6/P1QP2pR/1RBK4 b - - 1 38
18,01946,01946,3k3n/4n3/1p4q1/5rb1/3p1N1r/PP1PpP1B/2P3P1/1RB2KR1 w - - 2 33
18,01947,01947,r1bqkbnr/pppppp1p/8/P3n1p1/8/1P6/2PPPPPP/RNBQKBNR w KQkq - 1 4
18,01948,01948,3qk2b/1rp5/1pnpBp2/4p3/P3n1K1/1pNPP1P1/2P1Q3/R2R4 b - - 2 39
18,01949,01949,r1b2knr/4b3/ppp1Pp2/6p1/P1P1PQp1/7N/1q5P/RNB1K2R b - - 3 23
18,01950,01950,r1b1kbnr/2p2ppp/p3p3/2np4/PQ5q/2PP3N/1P2PPPP/RNB1KB1R w KQkq - 3 8
18,01951,01951,1nk2b1r/r3p1p1/1p3n2/p1p3pp/P1Pp3P/3P1b1N/1PQKP1P1/R1B2BR1 b - - 0 26
18,01952,01952,2r1k3/6p1/n3pr2/Bp2ppN1/3P1Pp1/1P2K2R/P1PQ4/1Rb5 w - - 3 33
18,01953,01953,1r3b1r/pppk1N2/n2pp2p/3b1qp1/5PP1/BP2P2P/P2P3n/R2QKB2 w Q - 1 22
18,01954,01954,3rk3/p4prN/Q1p1bn2/qp1PP2P/5R1K/P2P4/RP5P/1NB5 w - - 1 30
18,01955,01955,r2q1knr/1pp1pp1p/3p2p1/p4Pb1/PQ1P2P1/2N2b1N/RB5P/5BK1 b - - 0 24
18,01956,01956,r1b1k1nr/1B1p1p2/4p1pp/p1p5/N3P1PR/b3N1K1/1PP2P2/R1BQ3q w kq - 0 19
18,01957,01957,rnbqkbnr/3pp2p/ppp1Npp1/8/4P1P1/8/PPPP1P1P/RNBQKB1R w KQkq - 0 8
18,01958,01958,r2q1bn1/p1pkp1pr/p2p1p1p/8/2P1PP2/6P1/PP1P3P/RNB2KNR w - - 1 14
18,01959,01959,5br1/p2rp1k1/1pQ2pp1/3p1P1B/2P2N1p/1P1P1bN1/P7/n5K1 b - - 0 36
18,01960,01960,rnbqkbnr/1pppp2p/p5p1/5p2/2P5/PP6/3PPPPP/RNBQKBNR w KQkq - 0 4
18,01961,01961,2r2q2/p1N1ppr1/n2k2p1/2pP2P1/1p1PnP2/3N1B1b/R3Q3/2B1K2R w K - 2 39
18,01962,01962,1n1kb3/5p2/2p1p1rb/rp2P1p1/p2p4/3Q4/PK1P1PNn/RB6 b - - 1 38
18,01963,01963,rnbqkbnr/ppppp2p/8/6p1/4p3/P7/1PPPQPPP/RNB1KBNR w KQkq - 0 4
18,01964,01964,r1bqkbnr/1ppp4/5pp1/p2B1P2/4p1P1/Nn6/PPP1P2P/R1B1K1NR w KQkq - 0 10
18,01965,01965,1rbk1b2/pp2p2r/1n1q1p2/3pBPpP/P3P3/Np1P1Q2/1RP3Kn/5BNR b - - 1 25
18,01966,01966,rn2qk2/p2b4/2p4r/p2p1pp1/P6P/1P1NQ1PR/R1P5/1N2K3 b - - 3 36
18,01967,01967,rnbqkbnr/ppppp2p/5p2/6p1/5B2/3P4/PPP1PPPP/RN1QKBNR w KQkq - 0 3
18,01968,01968,rnbqkb1r/pppp1pp1/4pn2/6B1/3P2Pp/7N/PPP1PP1P/RN1QKB1R w KQkq - 0 5
18,01969,01969,r1b4r/p2p3p/2pb2k1/2p1ppN1/PPPn3P/2q5/RB1PPNP1/4KB1R w K - 13 25
18,01970,01970,rnbqkbnr/ppp2ppp/3p4/1N2p3/5P2/8/PPPPP1PP/R1BQKBNR w KQkq - 0 4
18,01971,01971,5r2/6b1/p3bk2/Bp2ppn1/1P3p1P/P3PR2/3N4/2R1KB2 w - - 1 37
18,01972,01972,rn1qN1br/3k1p1B/3n4/p2pb3/Pp1P1P1p/1PP1P1P1/7P/1RBK3R w - - 4 24
18,01973,01973,rn1B4/1b1k3p/2p5/3pp3/p3P3/3P1PQp/1P2N2P/3NRK1R b - - 1 33
18,01974,01974,3qkb1B/2p4p/p2p3n/1r5b/R3PppP/P2Q1N1N/3P1PP1/4KB1R b K - 1 21
18,01975,01975,1rbBk2r/pp1p2bp/5p2/2p1np2/2P1N1P1/PP1PP3/3N1KnP/R2B1Q1R b k - 2 24
18,01976,01976,5bnr/1b2k3/r1q1ppnp/2P5/3PP1Pp/p7/PB4R1/3RK3 b - - 1 34
18,01977,01977,r1b1k2r/3qnpb1/2n4p/ppppp1p1/PPP5/B2PPPP1/2Q3BP/NRK3NR b kq - 9 18
18,01978,01978,1n2k3/6b1/2rr1pb1/p1p1P1P1/Pqp1P3/1P3Q2/1BNP3R/R3K3 w - - 7 36
18,01979,01979,r4k1r/nb3p1p/3q3P/pN1ppPpQ/7P/P1b2N2/1RPPB3/B5KR b - - 0 24
18,01980,01980,1r1q3r/1ppkNpbp/3Nnp2/p7/b3P3/5P1P/PPPPK1P1/R1B2B1R b - - 4 18
18,01981,01981,3r1b2/2kNp2r/nq2b1pn/p7/2PBPp1p/2P4P/P1Q1KPP1/RN3B1R w - - 1 24
18,01982,01982,r1q2bnr/p1n2k1p/1p1p1pNp/2P1p3/R1P1P1b1/4Q1P1/1P1N1P1P/3BK2R b K - 10 19
18,01983,01983,rnbqkbnr/1pppp1pp/8/p4p2/7P/7N/PPPPPPP1/RNBQKB1R w KQkq - 0 3
18,01984,01984,rn1qkb1r/p1p1pppp/1p3n2/3p4/PBP3b1/3P4/1P2PPPP/RNQ1KBNR b KQkq - 5 7
18,01985,01985,rn2r1kb/4n3/p4pp1/qppp2P1/PP2P2p/4N3/3P1P1P/RNB1Kb2 w Q - 0 25
18,01986,01986,1rb1k2r/p2pqpp1/np5n/1p6/Bb2p1Pp/B3P2P/P1PP1R2/1R2K1N1 w k - 8 24
18,01987,01987,3k1b1r/r1NnpqpR/1pbp1n2/p1p5/P1PP2P1/5P2/RP2P1B1/2QK4 b - - 4 31
18,01988,01988,r1bqkbnr/p2pp1pp/npp5/5p2/PP6/4RP1N/2PPP1PP/1NBQKB1R w Kkq - 0 7
18,01989,01989,2b5/2p1rpkn/ppn1p2r/PP3P1p/1P1p3p/1QRB1P1N/3P2P1/1NB1KR2 b - - 2 28
18,01990,01990,r1br2k1/p7/np1p2p1/3P1P2/2Pb2Rp/3N3P/R3BB2/1b4K1 w - - 8 41
18,01991,01991,1n2kb2/4p3/rB2qp1r/pP4p1/P1Q2Pbp/2P5/K6P/RN3BNR w - - 1 36
18,01992,01992,rnb1kbn1/pp1p2p1/4p2r/8/P4q1p/R1P1P1PN/2PP1P1P/2BQKB1R b Kq - 0 11
18,01993,01993,8/1bN1k1pr/r6n/pp3pR1/2P1P2p/1P1P3P/P3BP2/2R1K3 w - - 0 30
18,01994,01994,r1bk4/p2qb2r/n2p1p2/4P1Bp/2Pp1PnP/PpN4N/2PKB1P1/3R3R w - - 2 32
18,01995,01995,1r2kb2/p3p3/1Q2bn1r/1p1p2Bp/1Pp2PPp/1PP5/3RP2N/4KBR1 w - - 1 27
18,01996,01996,rnbqkbnr/3ppp1p/6p1/ppp5/2P2P2/4P1PB/PPNP3P/R1BQK1NR b KQkq - 1 8
18,01997,01997,rnb1k1qr/7p/p1pb2n1/1p2p1p1/1P2P1PP/N1pP1P1N/P1Q5/1RB1K2R w Kkq - 4 16
18,01998,01998,rn1qk1nr/p1pp4/b4ppp/1p2pP2/1PPPPQ1P/2N1b3/P5P1/R1B1KBNR b kq - 1 15
18,01999,01999,r3k2r/p3Qp1p/bp5n/1P1qnpp1/3p2P1/B1N1PP2/P1P4P/R2B1R1K b kq - 0 22
18,02000,02000,r1b3n1/p3b1k1/5p1r/1p2PPpB/2Q4P/P1P5/3P4/RNB1n1K1 b - - 0 31
